symbol,symbolType,recommendationType,recommendationDate,recommendationPrice,targetPrice,cutLossPrice,realizedProfitLoss,note
FTM,STOCK,BUY,09/04/2019,20.0 - 20.5,23,19.4,,
VCB,STOCK,BUY,11/04/2019,29.0 - 29.5,32.5,27,,
VCF,STOCK,BUY,12/04/2019,107 - 108,120,102,,
VCF,STOCK,TAKE_PROFIT,18/04/2019,120 - 121,120,102,12.17%,
FTM,STOCK,TAKE_PROFIT,08/05/2019,23.0,23,19.4,13.58%,
VJC,STOCK,BUY,23/05/2019,91 - 92,104,87,,
PNJ,STOCK,BUY,24/05/2019,35.0 - 35.5,39,33.5,,
PNJ,STOCK,CUT_LOSS,31/05/2019,33.5,39,33.5,-4.96%,
KBC,STOCK,BUY,02/07/2019,10.3 - 10.5,11.8,9.6,,
AAA,STOCK,BUY,05/07/2019,13.4 - 13.5,15.2,12.6,,
DAH,STOCK,BUY,09/07/2019,9.7 - 9.8,10.9,9.2,,
DAH,STOCK,TAKE_PROFIT,10/07/2019,10.8 - 11.0,10.9,9.2,11.79%,
BMP,STOCK,BUY,15/07/2019,24.5 - 25.0,27,23.5,,
SZC,STOCK,BUY,16/07/2019,12.3 - 12.5,13.9,11.8,,
VCB,STOCK,TAKE_PROFIT,16/07/2019,32.5,32.5,27,11.11%,
HND,STOCK,BUY,17/07/2019,9.5 - 9.7,11,9.1,,
SZC,STOCK,CUT_LOSS,17/07/2019,11.7 - 11.9,13.9,11.8,-4.84%,
VRE,STOCK,BUY,19/07/2019,35.0 - 35.5,39.5,33.5,,
GEG,STOCK,BUY,22/07/2019,15.0 - 15.1,17.2,13.9,,
GEG,STOCK,TAKE_PROFIT,23/07/2019,17.1 - 17.3,17.2,13.9,14.29%,
RAL,STOCK,BUY,23/07/2019,47.0 - 47.5,52,44.5,,
BID,STOCK,BUY,24/07/2019,17.7 - 17.9,20,16.7,,
HND,STOCK,CUT_LOSS,25/07/2019,9.0 - 9.2,11,9.1,-5.21%,
PVB,STOCK,BUY,26/07/2019,17.6 - 17.8,20,16.8,,
RAL,STOCK,CUT_LOSS,31/07/2019,44.0 - 45.0,52,44.5,-5.82%,
TVB,STOCK,BUY,31/07/2019,8.7 - 8.8,9.7,8.3,,
AAA,STOCK,CUT_LOSS,06/08/2019,12.5 - 12.6,15.2,12.6,-6.62%,
VRE,STOCK,CUT_LOSS,06/08/2019,33.0 - 33.5,39.5,33.5,-5.48%,
KBC,STOCK,TAKE_PROFIT,07/08/2019,11.7 - 11.9,11.8,9.6,13.46%,
PVB,STOCK,TAKE_PROFIT,12/08/2019,19.9 - 20.0,20,16.8,12.99%,
TVB,STOCK,TAKE_PROFIT,14/08/2019,9.6 - 9.8,9.7,8.3,10.86%,
VCS,STOCK,BUY,19/08/2019,56 - 57,63,53,,
REE,STOCK,BUY,22/08/2019,16.3 - 16.5,18.5,15.4,,
CVT,STOCK,BUY,23/08/2019,19.0 - 19.2,21.5,17.7,,
DBD,STOCK,BUY,27/08/2019,21.5 - 22.0,24.5,20,,
CVT,STOCK,CUT_LOSS,28/08/2019,17.6 - 17.8,21.5,17.7,-7.33%,
TNA,STOCK,BUY,29/08/2019,9.7 - 9.8,11,9.2,,
TCB,STOCK,BUY,03/09/2019,9.9 - 10.0,11.1,9.3,,
EID,STOCK,BUY,04/09/2019,9.2 - 9.3,10.5,8.7,,
TNA,STOCK,CUT_LOSS,04/09/2019,9.1 - 9.3,11,9.2,-5.64%,
VCS,STOCK,CUT_LOSS,04/09/2019,53,63,53,-6.19%,
REE,STOCK,CUT_LOSS,10/09/2019,15.3 - 15.5,18.5,15.4,-6.10%,
DBD,STOCK,TAKE_PROFIT,12/09/2019,24.5,24.5,20,12.64%,
VJC,STOCK,TAKE_PROFIT,12/09/2019,103 - 105,104,87,13.66%,
BID,STOCK,TAKE_PROFIT,13/09/2019,19.9 - 20.0,20,16.7,12.36%,
DRC,STOCK,BUY,16/09/2019,11.7 - 11.9,13.1,11.2,,
BMP,STOCK,TAKE_PROFIT,18/09/2019,27.0,27,23.5,9.09%,
AST,STOCK,BUY,19/09/2019,50 - 51,57,47.5,,
EID,STOCK,CUT_LOSS,20/09/2019,8.7,10.5,8.7,-5.95%,
VCB,STOCK,BUY,20/09/2019,34.5 - 35.0,39.5,33,,
AST,STOCK,CUT_LOSS,24/09/2019,47.0 - 48.0,57,47.5,-5.94%,
DHT,STOCK,BUY,24/09/2019,13.2 - 13.3,14.4,12.5,,
VCS,STOCK,BUY,25/09/2019,62 - 63,71,59,,
DHT,STOCK,CUT_LOSS,27/09/2019,12.4 - 12.6,14.4,12.5,-5.66%,
GAS,STOCK,BUY,01/10/2019,66,74,61,,
VCS,STOCK,TAKE_PROFIT,02/10/2019,71,71,59,13.60%,
PMG,STOCK,BUY,11/10/2019,17.4 - 17.6,19.8,16.5,,
TCB,STOCK,TAKE_PROFIT,14/10/2019,11.0 - 11.2,11.1,9.3,11.56%,
TNA,STOCK,BUY,14/10/2019,10.3 - 10.4,11.3,9.9,,
VNM,STOCK,BUY,16/10/2019,75 - 76,84,71,,
DQC,STOCK,BUY,17/10/2019,16.1 - 16.3,18.3,15,,
TNA,STOCK,TAKE_PROFIT,18/10/2019,11.2 - 11.4,11.3,9.9,9.18%,
KOS,STOCK,BUY,29/10/2019,20.5,22.5,19.1,,
FPT,STOCK,BUY,30/10/2019,18.7 - 18.9,21.5,17.9,,
DQC,STOCK,CUT_LOSS,31/10/2019,14.9 - 15.1,18.3,15,-7.41%,
VCG,STOCK,BUY,01/11/2019,14.1 - 14.3,15.7,13.4,,
EIB,STOCK,BUY,15/11/2019,12.1 - 12.3,13.8,11.7,,
VNM,STOCK,CUT_LOSS,15/11/2019,71,84,71,-5.96%,
EIB,STOCK,CUT_LOSS,20/11/2019,11.6 - 11.8,13.8,11.7,-4.10%,
PMG,STOCK,CUT_LOSS,20/11/2019,16.4 - 16.6,19.8,16.5,-5.71%,
FPT,STOCK,CUT_LOSS,02/12/2019,17.8 - 18.0,21.5,17.9,-4.79%,
GAS,STOCK,CUT_LOSS,02/12/2019,61,74,61,-7.58%,
VCG,STOCK,TAKE_PROFIT,13/12/2019,15.6 - 15.8,15.7,13.4,10.56%,
VCB,STOCK,TAKE_PROFIT,30/12/2019,39.5,39.5,33,13.67%,
DRC,STOCK,TAKE_PROFIT,07/01/2020,13.0 - 13.2,13.1,11.2,11.02%,
PNJ,STOCK,BUY,17/01/2020,39.0,43.5,37,,
MQN,STOCK,BUY,30/01/2020,12.5 - 12.6,14.1,12,,
PNJ,STOCK,CUT_LOSS,30/01/2020,37.0,43.5,37,-5.13%,
MQN,STOCK,CUT_LOSS,03/02/2020,11.9 - 12.0,14.1,12,-4.94%,
KOS,STOCK,TAKE_PROFIT,04/02/2020,22.5 - 23.0,22.5,19.1,10.63%,
GKM,STOCK,BUY,08/05/2020,10.0 - 10.1,11.3,9.5,,
NVL,STOCK,BUY,11/05/2020,28.0,31.5,27,,
NVL,STOCK,CUT_LOSS,13/05/2020,27.0,31.5,27,-3.57%,
PVS,STOCK,BUY,14/05/2020,8.5 - 8.6,9.5,7.9,,
VNM,STOCK,BUY,15/05/2020,67,77,63,,
HNG,STOCK,BUY,19/05/2020,14.1 - 14.3,15.8,13.2,,
TV2,STOCK,BUY,22/05/2020,21.0 - 21.5,24.5,20,,
SCS,STOCK,BUY,26/05/2020,40.5 - 41.0,45,38.5,,
BWE,STOCK,BUY,27/05/2020,16.7 - 16.9,18.5,16.1,,
NVL,STOCK,BUY,29/05/2020,28.0 - 28.5,31,27,,
TV2,STOCK,TAKE_PROFIT,29/05/2020,24.5,24.5,20,15.29%,
HNG,STOCK,TAKE_PROFIT,01/06/2020,15.7 - 15.9,15.8,13.2,11.27%,
SJD,STOCK,BUY,01/06/2020,9.9 - 10.0,11,9.2,,
BWE,STOCK,CUT_LOSS,02/06/2020,16.0 - 16.2,18.5,16.1,-4.17%,
GDT,STOCK,BUY,02/06/2020,12.2 - 12.4,13.8,11.4,,
PHR,STOCK,BUY,05/06/2020,21.5,24.5,20.5,,
SCS,STOCK,TAKE_PROFIT,05/06/2020,44.5 - 45.5,45,38.5,10.43%,
NRC,STOCK,BUY,10/06/2020,8.6 - 8.7,9.8,8.3,,
NRC,STOCK,CUT_LOSS,11/06/2020,8.3,9.8,8.3,-4.05%,
PHR,STOCK,CUT_LOSS,11/06/2020,20.5,24.5,20.5,-4.65%,
PVS,STOCK,CUT_LOSS,12/06/2020,7.9,9.5,7.9,-7.60%,
STB,STOCK,BUY,15/06/2020,11.7 - 11.9,13.4,10.9,,
QNS,STOCK,BUY,16/06/2020,16.5 - 16.7,18.8,15.9,,
BWE,STOCK,BUY,17/06/2020,17.6 - 17.7,19.7,16.4,,
NVL,STOCK,TAKE_PROFIT,19/06/2020,31.0,31,27,9.73%,
CTD,STOCK,BUY,24/06/2020,45.5 - 46.0,51,43.5,,
QNS,STOCK,CUT_LOSS,24/06/2020,15.8 - 16.0,18.8,15.9,-4.22%,
CTD,STOCK,CUT_LOSS,25/06/2020,42.5 - 43.0,51,43.5,-6.30%,
HPG,STOCK,BUY,25/06/2020,8.3,9.2,7.9,,
STB,STOCK,CUT_LOSS,29/06/2020,10.8 - 11.0,13.4,10.9,-7.63%,
PMG,STOCK,BUY,03/07/2020,12.8 - 12.9,14.4,12.3,,
TYA,STOCK,BUY,06/07/2020,8.9 - 9.0,9.9,8.5,,
NT2,STOCK,BUY,07/07/2020,14.8 - 14.9,16.5,14.2,,
PMG,STOCK,CUT_LOSS,07/07/2020,11.9 - 12.0,14.4,12.3,-6.77%,
GDT,STOCK,TAKE_PROFIT,17/07/2020,14.1 - 14.3,13.8,11.4,15.37%,
DHC,STOCK,BUY,22/07/2020,16.1 - 16.3,18,15.2,,
NT2,STOCK,CUT_LOSS,27/07/2020,14.0 - 14.2,16.5,14.2,-5.05%,
VNM,STOCK,CUT_LOSS,27/07/2020,63,77,63,-5.97%,
GKM,STOCK,CUT_LOSS,04/08/2020,9.4 - 9.6,11.3,9.5,-5.47%,
TYA,STOCK,TAKE_PROFIT,04/08/2020,10.0 - 10.1,9.9,8.5,12.40%,
HPG,STOCK,TAKE_PROFIT,10/08/2020,9.1 - 9.3,9.2,7.9,10.84%,
HPG,STOCK,BUY,17/08/2020,9.0 - 9.1,10.4,8.5,,
BWE,STOCK,TAKE_PROFIT,19/08/2020,19.7 - 19.9,19.7,16.4,12.35%,
KDC,STOCK,BUY,20/08/2020,28.5 - 29.0,32,27.5,,
VCG,STOCK,BUY,21/08/2020,16.9 - 17.1,19.4,16,,
DHC,STOCK,TAKE_PROFIT,24/08/2020,17.9 - 18.1,18,15.2,11.11%,
PHR,STOCK,BUY,24/08/2020,23.5,26.5,22.5,,
AGG,STOCK,BUY,25/08/2020,13.1 - 13.3,14.7,12.5,,
KDC,STOCK,TAKE_PROFIT,25/08/2020,32.0,32,27.5,11.30%,
VCG,STOCK,TAKE_PROFIT,27/08/2020,19.3 - 19.5,19.4,16,14.12%,
GEX,STOCK,BUY,28/08/2020,10.1 - 10.2,11.4,9.6,,
PHR,STOCK,CUT_LOSS,31/08/2020,22.5,26.5,22.5,-4.26%,
CTG,STOCK,BUY,03/09/2020,11.7 - 11.9,13.6,11,,
GEX,STOCK,TAKE_PROFIT,03/09/2020,11.3 - 11.5,11.4,9.6,12.32%,
KSB,STOCK,BUY,08/09/2020,18.8 - 19.0,21,17.9,,
AGG,STOCK,TAKE_PROFIT,09/09/2020,14.6 - 14.8,14.7,12.5,11.36%,
VCS,STOCK,BUY,09/09/2020,44.5 - 45.0,50,41.5,,
DMC,STOCK,BUY,10/09/2020,43.0 - 43.5,48,40.5,,
NCT,STOCK,BUY,14/09/2020,41.0,44.5,39,,
VSH,STOCK,BUY,15/09/2020,12.5 - 12.6,14.3,11.7,,
HPX,STOCK,BUY,24/09/2020,23.0 - 23.5,26,21.5,,
VSH,STOCK,TAKE_PROFIT,24/09/2020,14.2 - 14.4,14.3,11.7,13.94%,
NDN,STOCK,BUY,01/10/2020,12.2 - 12.3,13.8,11.4,,
VCS,STOCK,TAKE_PROFIT,01/10/2020,49.5 - 50,50,41.5,11.73%,
KSB,STOCK,TAKE_PROFIT,05/10/2020,21.0,21,17.9,11.11%,
HPG,STOCK,TAKE_PROFIT,06/10/2020,10.3 - 10.5,10.4,8.5,14.92%,
SJD,STOCK,TAKE_PROFIT,06/10/2020,10.8 - 11.0,11,9.2,9.55%,
CTG,STOCK,TAKE_PROFIT,13/10/2020,13.5 - 13.7,13.6,11,15.25%,
HSG,STOCK,BUY,13/10/2020,8.4 - 8.5,9.7,7.8,,
VSC,STOCK,BUY,14/10/2020,8.4 - 8.5,9.7,8,,
SFI,STOCK,BUY,15/10/2020,8.7 - 8.8,9.8,8.3,,
CTG,STOCK,BUY,19/10/2020,14.0 - 14.1,15.7,13.3,,
HSG,STOCK,CUT_LOSS,19/10/2020,7.8,9.7,7.8,-7.69%,
NDN,STOCK,CUT_LOSS,19/10/2020,11.3 - 11.5,13.8,11.4,-6.94%,
PNJ,STOCK,BUY,21/10/2020,29.5 - 30.0,34,28,,
HPG,STOCK,BUY,22/10/2020,10.9 - 11.0,12.4,10.3,,
CTG,STOCK,CUT_LOSS,29/10/2020,13.2 - 13.4,15.7,13.3,-5.34%,
DMC,STOCK,CUT_LOSS,29/10/2020,40.0 - 40.5,48,40.5,-7.26%,
VNM,STOCK,BUY,02/11/2020,79 - 80,89,74,,
ADG,STOCK,BUY,03/11/2020,46.5 - 47.0,53,44,,
SFI,STOCK,TAKE_PROFIT,03/11/2020,9.7 - 9.9,9.8,8.3,12.00%,
PDR,STOCK,BUY,06/11/2020,19.8 - 20.0,22,18.8,,
VSC,STOCK,TAKE_PROFIT,06/11/2020,9.6 - 9.8,9.7,8,14.79%,
NLG,STOCK,BUY,12/11/2020,21.0,24,20,,
HPG,STOCK,TAKE_PROFIT,17/11/2020,12.3 - 12.5,12.4,10.3,13.24%,
PVS,STOCK,BUY,18/11/2020,10.2 - 10.3,11.2,9.5,,
HPG,STOCK,BUY,19/11/2020,12.9 - 13.1,14.3,12.2,,
HPX,STOCK,TAKE_PROFIT,19/11/2020,26.0,26,21.5,11.83%,
PNJ,STOCK,TAKE_PROFIT,23/11/2020,34.0,34,28,14.29%,
TCB,STOCK,BUY,23/11/2020,10.8 - 10.9,12.2,10.2,,
GAS,STOCK,BUY,24/11/2020,54 - 55,61,51,,
HPG,STOCK,TAKE_PROFIT,24/11/2020,14.2 - 14.4,14.3,12.2,10.00%,
BAX,STOCK,BUY,04/12/2020,41.0 - 41.5,46,39,,
PDR,STOCK,TAKE_PROFIT,04/12/2020,22.0,22,18.8,10.55%,
PVS,STOCK,TAKE_PROFIT,14/12/2020,11.1 - 11.3,11.2,9.5,9.27%,
PVS,STOCK,BUY,15/12/2020,11.1 - 11.2,12.3,10.4,,
TCB,STOCK,TAKE_PROFIT,16/12/2020,12.2 - 12.3,12.2,10.2,12.81%,
BAX,STOCK,TAKE_PROFIT,17/12/2020,45.5 - 46.5,46,39,11.52%,
STB,STOCK,BUY,17/12/2020,16.5 - 16.7,19,15.6,,
ADG,STOCK,TAKE_PROFIT,18/12/2020,53,53,44,13.37%,
HSG,STOCK,BUY,21/12/2020,11.6 - 11.7,12.7,10.8,,
TIP,STOCK,BUY,22/12/2020,23.0,26.5,21.5,,
TCB,STOCK,BUY,24/12/2020,13.2 - 13.4,14.8,12.7,,
TIP,STOCK,TAKE_PROFIT,24/12/2020,26.5 - 27.0,26.5,21.5,16.17%,
PVS,STOCK,TAKE_PROFIT,28/12/2020,12.2 - 12.4,12.3,10.4,10.31%,
PDR,STOCK,BUY,29/12/2020,24.5 - 25.0,27.5,23.5,,
DXG,STOCK,BUY,04/01/2021,9.4 - 9.5,10.7,8.8,,
TCB,STOCK,TAKE_PROFIT,04/01/2021,14.7 - 14.9,14.8,12.7,11.28%,
HPG,STOCK,BUY,05/01/2021,15.8 - 16.0,17.4,15.1,,
HSG,STOCK,TAKE_PROFIT,05/01/2021,12.7 - 12.8,12.7,10.8,9.61%,
NLG,STOCK,TAKE_PROFIT,06/01/2021,24.0,24,20,14.29%,
VCG,STOCK,BUY,06/01/2021,25.0 - 25.5,28.5,23.5,,
FPT,STOCK,BUY,08/01/2021,24.0 - 24.5,27.5,22.5,,
STB,STOCK,TAKE_PROFIT,08/01/2021,18.9 - 19.1,19,15.6,14.46%,
DXG,STOCK,TAKE_PROFIT,11/01/2021,10.6 - 10.8,10.7,8.8,13.23%,
GAS,STOCK,TAKE_PROFIT,11/01/2021,61,61,51,11.93%,
PVT,STOCK,BUY,12/01/2021,9.0 - 9.1,10.2,8.6,,
MWG,STOCK,BUY,13/01/2021,39.5 - 40.0,44,37.5,,
NCT,STOCK,TAKE_PROFIT,13/01/2021,44.0 - 45.0,44.5,39,8.54%,
PDR,STOCK,TAKE_PROFIT,14/01/2021,27.5,27.5,23.5,11.11%,
HSG,STOCK,BUY,15/01/2021,13.3 - 13.5,15.1,12.6,,
MWG,STOCK,CUT_LOSS,19/01/2021,37.5,44,37.5,-5.66%,
PVT,STOCK,TAKE_PROFIT,19/01/2021,10.4 - 10.5,10.2,8.6,15.03%,
HPG,STOCK,CUT_LOSS,20/01/2021,15.0 - 15.2,17.4,15.1,-5.03%,
HSG,STOCK,CUT_LOSS,20/01/2021,12.5 - 12.7,15.1,12.6,-5.97%,
PDR,STOCK,BUY,20/01/2021,26.5 - 27.0,30,24.5,,
TV4,STOCK,BUY,21/01/2021,8.9 - 9.0,10.3,8.5,,
VGC,STOCK,BUY,27/01/2021,23.0 - 23.5,25.5,21.5,,
MWG,STOCK,BUY,28/01/2021,42.0 - 42.5,48,40.5,,
TV4,STOCK,CUT_LOSS,28/01/2021,8.5,10.3,8.5,-5.03%,
VGC,STOCK,TAKE_PROFIT,28/01/2021,25.5,25.5,21.5,9.68%,
VNM,STOCK,CUT_LOSS,28/01/2021,74,89,74,-6.99%,
MWG,STOCK,CUT_LOSS,29/01/2021,38.5 - 39.0,48,40.5,-7.91%,
FPT,STOCK,TAKE_PROFIT,04/02/2021,27.5,27.5,22.5,13.40%,
SJS,STOCK,BUY,04/02/2021,13.3 - 13.4,15,12.6,,
AGG,STOCK,BUY,05/02/2021,18.1 - 18.3,19.9,17.3,,
PDR,STOCK,TAKE_PROFIT,05/02/2021,30.0,30,24.5,12.15%,
AGG,STOCK,CUT_LOSS,08/02/2021,17.2 - 17.4,19.9,17.3,-4.95%,
DGC,STOCK,BUY,18/02/2021,16.3 - 16.5,18.8,15.4,,
SJS,STOCK,TAKE_PROFIT,18/02/2021,14.9 - 15.1,15,12.6,12.36%,
CCL,STOCK,BUY,19/02/2021,8.0 - 8.1,9,7.6,,
SGR,STOCK,BUY,23/02/2021,18.3 - 18.5,20.5,17.5,,
CCL,STOCK,TAKE_PROFIT,24/02/2021,8.9 - 9.1,9,7.6,11.80%,
SGR,STOCK,CUT_LOSS,25/02/2021,17.4 - 17.6,20.5,17.5,-4.89%,
SMC,STOCK,BUY,01/03/2021,20.5,23.5,19.5,,
ACB,STOCK,BUY,02/03/2021,10.7 - 10.8,11.8,10,,
DGC,STOCK,TAKE_PROFIT,03/03/2021,18.7 - 18.9,18.8,15.4,14.63%,
HSG,STOCK,BUY,03/03/2021,14.9 - 15.0,16.6,14.3,,
ABS,STOCK,BUY,04/03/2021,32.5 - 33.0,36,31,,
AGG,STOCK,BUY,05/03/2021,18.7 - 18.9,21.5,17.9,,
TCM,STOCK,BUY,09/03/2021,40.0 - 40.5,45.5,38,,
TCB,STOCK,BUY,15/03/2021,18.4 - 18.6,20.5,17.4,,
ABS,STOCK,TAKE_PROFIT,16/03/2021,36.0,36,31,9.92%,
HPG,STOCK,BUY,17/03/2021,17.2 - 17.4,19.6,16.5,,
SMC,STOCK,TAKE_PROFIT,22/03/2021,23.5,23.5,19.5,14.63%,
VCG,STOCK,CUT_LOSS,23/03/2021,23.5,28.5,23.5,-6.93%,
TCM,STOCK,TAKE_PROFIT,25/03/2021,45.0 - 46.0,45.5,38,13.04%,
HSG,STOCK,CUT_LOSS,26/03/2021,14.2 - 14.4,16.6,14.3,-4.35%,
PDR,STOCK,BUY,26/03/2021,34.0 - 34.5,39,33,,
HAS,STOCK,BUY,30/03/2021,11.1 - 11.3,12.2,10.4,,
AGG,STOCK,TAKE_PROFIT,31/03/2021,21.5,21.5,17.9,14.36%,
APS,STOCK,BUY,01/04/2021,9.0 - 9.1,10.3,8.4,,
APS,STOCK,TAKE_PROFIT,02/04/2021,10.2 - 10.4,10.3,8.4,13.81%,
PNJ,STOCK,BUY,02/04/2021,38.5 - 39.0,43.5,36.5,,
HAS,STOCK,CUT_LOSS,05/04/2021,9.8 - 9.9,12.2,10.4,-12.14%,
DPG,STOCK,BUY,07/04/2021,14.2 - 14.3,16.1,13.5,,
VIB,STOCK,BUY,08/04/2021,12.9 - 13.0,14.4,12.4,,
VIB,STOCK,CUT_LOSS,09/04/2021,12.3 - 12.4,14.4,12.4,-4.71%,
HDB,STOCK,BUY,13/04/2021,9.0 - 9.2,10.1,8.5,,
HPG,STOCK,TAKE_PROFIT,14/04/2021,19.5 - 19.7,19.6,16.5,13.29%,
STB,STOCK,BUY,14/04/2021,22.5 - 23.0,26,21,,
AGG,STOCK,BUY,15/04/2021,21.5 - 22.0,24,21,,
PDR,STOCK,TAKE_PROFIT,16/04/2021,39.0,39,33,13.87%,
MSN,STOCK,BUY,22/04/2021,86 - 87,96,83,,
STB,STOCK,CUT_LOSS,22/04/2021,21.0,26,21,-7.69%,
HDB,STOCK,CUT_LOSS,23/04/2021,8.5,10.1,8.5,-6.59%,
MSN,STOCK,CUT_LOSS,23/04/2021,80 - 81,96,83,-6.92%,
PNJ,STOCK,TAKE_PROFIT,23/04/2021,43.5,43.5,36.5,12.26%,
MST,STOCK,BUY,27/04/2021,10.0 - 10.2,11.3,9.5,,
PSH,STOCK,BUY,29/04/2021,21.0 - 21.5,23.5,19.9,,
PSH,STOCK,TAKE_PROFIT,05/05/2021,23.5,23.5,19.9,10.59%,
TCB,STOCK,TAKE_PROFIT,05/05/2021,20.5,20.5,17.4,11.03%,
AGG,STOCK,TAKE_PROFIT,12/05/2021,24.0,24,21,10.34%,
ACB,STOCK,TAKE_PROFIT,13/05/2021,11.7 - 11.9,11.8,10,9.77%,
AGG,STOCK,BUY,13/05/2021,24.0,26,22.5,,
SHB,STOCK,BUY,14/05/2021,11.2 - 11.3,12.6,10.6,,
SHB,STOCK,TAKE_PROFIT,17/05/2021,12.5 - 12.7,12.6,10.6,12.00%,
HPG,STOCK,BUY,19/05/2021,23.5 - 24.0,26.5,22.5,,
MST,STOCK,TAKE_PROFIT,19/05/2021,11.2 - 11.4,11.3,9.5,11.88%,
HSG,STOCK,BUY,21/05/2021,20.5,23,19.1,,
PDR,STOCK,BUY,24/05/2021,46.5 - 47.0,52,43.5,,
VHM,STOCK,BUY,27/05/2021,37.5,41,35,,
DPG,STOCK,TAKE_PROFIT,31/05/2021,16.0 - 16.2,16.1,13.5,12.98%,
HPG,STOCK,TAKE_PROFIT,31/05/2021,27.0,26.5,22.5,13.39%,
HSG,STOCK,TAKE_PROFIT,31/05/2021,23.0,23,19.1,12.20%,
TCL,STOCK,BUY,01/06/2021,20.5 - 21.0,23.5,19.3,,
PDR,STOCK,TAKE_PROFIT,08/06/2021,52,52,43.5,11.23%,
MBB,STOCK,BUY,09/06/2021,9.9 - 10.0,11.3,9.2,,
AGG,STOCK,TAKE_PROFIT,14/06/2021,26.0,26,22.5,8.33%,
KDC,STOCK,BUY,16/06/2021,55 - 56,62,52,,
AGG,STOCK,BUY,17/06/2021,25.5 - 26.0,28.5,24,,
VHM,STOCK,TAKE_PROFIT,18/06/2021,41.0,41,35,9.33%,
VHM,STOCK,BUY,18/06/2021,38.5 - 39.0,42.5,36.5,,
FIR,STOCK,BUY,21/06/2021,15.1 - 15.2,17.1,14.2,,
MBB,STOCK,TAKE_PROFIT,22/06/2021,11.2 - 11.4,11.3,9.2,13.57%,
KDH,STOCK,BUY,23/06/2021,25.5,29,24.5,,
GVR,STOCK,BUY,25/06/2021,32.0,36,29.5,,
MSN,STOCK,BUY,30/06/2021,88 - 89,98,82,,
TCL,STOCK,TAKE_PROFIT,30/06/2021,24.5,23.5,19.3,17.83%,
VHM,STOCK,TAKE_PROFIT,30/06/2021,42.5,42.5,36.5,9.68%,
ITD,STOCK,BUY,05/07/2021,9.9 - 10.0,11.4,9.4,,
GMD,STOCK,BUY,06/07/2021,32.0,36.5,30,,
ITD,STOCK,CUT_LOSS,06/07/2021,9.3 - 9.5,11.4,9.4,-5.53%,
CHP,STOCK,BUY,07/07/2021,10.9 - 11.1,12.5,10.5,,
GMD,STOCK,CUT_LOSS,07/07/2021,30.0,36.5,30,-6.25%,
GVR,STOCK,CUT_LOSS,07/07/2021,29.5,36,29.5,-7.81%,
KDH,STOCK,CUT_LOSS,07/07/2021,24.5,29,24.5,-3.92%,
MSN,STOCK,TAKE_PROFIT,08/07/2021,97 - 99,98,82,10.73%,
PNJ,STOCK,BUY,09/07/2021,47.5 - 48.0,54,45,,
FIR,STOCK,CUT_LOSS,12/07/2021,14.1 - 14.3,17.1,14.2,-6.27%,
PNJ,STOCK,CUT_LOSS,12/07/2021,44.5 - 45.5,54,45,-5.76%,
CHP,STOCK,CUT_LOSS,19/07/2021,10.4 - 10.6,12.5,10.5,-4.55%,
AGG,STOCK,TAKE_PROFIT,28/07/2021,28.5,28.5,24,10.68%,
VCI,STOCK,BUY,06/08/2021,22.0 - 22.5,25,20.5,,
MSN,STOCK,BUY,10/08/2021,116 - 117,134,111,,
DRC,STOCK,BUY,12/08/2021,19.6 - 19.8,22,18.9,,
MSN,STOCK,CUT_LOSS,12/08/2021,110 - 112,134,111,-4.72%,
VND,STOCK,BUY,13/08/2021,15.7 - 15.8,17.7,14.7,,
FMC,STOCK,BUY,16/08/2021,33.0 - 33.5,38,32,,
VCI,STOCK,TAKE_PROFIT,18/08/2021,25.0,25,20.5,12.36%,
CKG,STOCK,BUY,19/08/2021,14.1 - 14.2,15.9,13.3,,
DRC,STOCK,CUT_LOSS,23/08/2021,18.8 - 19.0,22,18.9,-4.06%,
FMC,STOCK,CUT_LOSS,23/08/2021,32.0,38,32,-3.76%,
CKG,STOCK,TAKE_PROFIT,30/08/2021,15.8 - 16.0,15.9,13.3,12.37%,
HPG,STOCK,BUY,06/09/2021,25.0 - 25.5,28.5,23.5,,
IDC,STOCK,BUY,09/09/2021,21.5,24,20.5,,
VHC,STOCK,BUY,13/09/2021,37.0 - 37.5,42,35,,
PGC,STOCK,BUY,17/09/2021,15.4 - 15.6,17.3,14.5,,
IDC,STOCK,TAKE_PROFIT,20/09/2021,24.0,24,20.5,11.63%,
IDC,STOCK,BUY,20/09/2021,23.5,26.5,22,,
PGC,STOCK,TAKE_PROFIT,20/09/2021,17.2 - 17.4,17.3,14.5,11.61%,
NKG,STOCK,BUY,21/09/2021,24.5 - 25.0,27.5,23,,
VHC,STOCK,CUT_LOSS,21/09/2021,35.0,42,35,-6.04%,
IDC,STOCK,TAKE_PROFIT,23/09/2021,26.5,26.5,22,12.77%,
PVS,STOCK,BUY,23/09/2021,19.6 - 19.9,22,19,,
AAS,STOCK,BUY,29/09/2021,10.3 - 10.4,11.8,9.7,,
GAS,STOCK,BUY,01/10/2021,65 - 66,74,63,,
AAS,STOCK,CUT_LOSS,04/10/2021,9.6 - 9.8,11.8,9.7,-6.28%,
GAS,STOCK,TAKE_PROFIT,04/10/2021,74,74,63,12.98%,
HPG,STOCK,TAKE_PROFIT,04/10/2021,28.5,28.5,23.5,12.87%,
SJD,STOCK,BUY,04/10/2021,12.3 - 12.4,14,11.9,,
PSE,STOCK,BUY,05/10/2021,10.2 - 10.3,11.4,9.8,,
NKG,STOCK,TAKE_PROFIT,06/10/2021,27.5,27.5,23,11.11%,
PSE,STOCK,CUT_LOSS,06/10/2021,9.5 - 9.6,11.4,9.8,-7.12%,
FCN,STOCK,BUY,08/10/2021,14.5 - 14.7,16.8,13.8,,
HBC,STOCK,BUY,13/10/2021,15.0 - 15.2,16.5,14.2,,
DPM,STOCK,BUY,14/10/2021,14.8 - 15.0,16.8,14.3,,
PVS,STOCK,TAKE_PROFIT,18/10/2021,22.0,22,19,11.39%,
SJD,STOCK,TAKE_PROFIT,18/10/2021,13.9 - 14.1,14,11.9,13.36%,
VHC,STOCK,BUY,19/10/2021,40.5 - 41.0,45,38.5,,
DPM,STOCK,TAKE_PROFIT,20/10/2021,16.7 - 16.9,16.8,14.3,12.75%,
DXG,STOCK,BUY,20/10/2021,14.5 - 14.7,16.3,13.6,,
IJC,STOCK,BUY,21/10/2021,16.2 - 16.4,18.1,15.4,,
KDC,STOCK,CUT_LOSS,22/10/2021,53 - 54,62,52,-3.57%,
TAR,STOCK,BUY,22/10/2021,26.5 - 27.0,30.5,25,,
DTD,STOCK,BUY,25/10/2021,18.8 - 19.0,20.5,17.6,,
VHC,STOCK,TAKE_PROFIT,25/10/2021,44.5 - 45.5,45,38.5,10.43%,
HBC,STOCK,TAKE_PROFIT,27/10/2021,16.4 - 16.6,16.5,14.2,9.27%,
DTD,STOCK,TAKE_PROFIT,28/10/2021,20.5,20.5,17.6,8.47%,
DXG,STOCK,TAKE_PROFIT,28/10/2021,16.2 - 16.4,16.3,13.6,11.64%,
VC3,STOCK,BUY,28/10/2021,16.2 - 16.4,18.2,15.4,,
VND,STOCK,TAKE_PROFIT,28/10/2021,17.6 - 17.8,17.7,14.7,12.38%,
TAR,STOCK,TAKE_PROFIT,29/10/2021,30.5,30.5,25,14.02%,
TNT,STOCK,BUY,01/11/2021,11.3 - 11.5,12.7,10.8,,
VC3,STOCK,TAKE_PROFIT,01/11/2021,18.1 - 18.3,18.2,15.4,11.66%,
IJC,STOCK,TAKE_PROFIT,02/11/2021,18.0 - 18.2,18.1,15.4,11.04%,
TNT,STOCK,TAKE_PROFIT,02/11/2021,12.7 - 12.9,12.7,10.8,12.28%,
SCR,STOCK,BUY,04/11/2021,13.5 - 13.6,15.3,12.7,,
VCI,STOCK,BUY,09/11/2021,28.5 - 29.0,32,27.5,,
SCR,STOCK,TAKE_PROFIT,10/11/2021,15.2 - 15.4,15.3,12.7,12.92%,
FCN,STOCK,TAKE_PROFIT,11/11/2021,16.7 - 16.9,16.8,13.8,15.07%,
HDB,STOCK,BUY,11/11/2021,11.4 - 11.5,12.8,10.6,,
SCS,STOCK,BUY,12/11/2021,55 - 56,63,52,,
KBC,STOCK,BUY,16/11/2021,40.0 - 40.5,45,37,,
HDB,STOCK,TAKE_PROFIT,22/11/2021,12.7 - 12.9,12.8,10.6,11.79%,
KBC,STOCK,CUT_LOSS,22/11/2021,37.0,45,37,-8.07%,
JVC,STOCK,BUY,23/11/2021,8.5 - 8.6,9.4,8.2,,
VIB,STOCK,BUY,24/11/2021,14.2 - 14.4,16.1,13.6,,
JVC,STOCK,CUT_LOSS,25/11/2021,8.2,9.4,8.2,-4.09%,
POW,STOCK,BUY,25/11/2021,11.2 - 11.3,12.7,10.5,,
VCI,STOCK,TAKE_PROFIT,25/11/2021,32.0,32,27.5,11.30%,
HHV,STOCK,BUY,29/11/2021,16.4 - 16.5,18.4,15.3,,
PTI,STOCK,BUY,30/11/2021,31.0 - 31.5,35,29.5,,
PTI,STOCK,CUT_LOSS,01/12/2021,29.5,35,29.5,-5.60%,
HHV,STOCK,TAKE_PROFIT,02/12/2021,18.3 - 18.5,18.4,15.3,11.85%,
VIB,STOCK,CUT_LOSS,06/12/2021,13.5 - 13.7,16.1,13.6,-4.90%,
POW,STOCK,TAKE_PROFIT,08/12/2021,12.7 - 12.9,12.7,10.5,13.69%,
SSH,STOCK,BUY,08/12/2021,93 - 94,106,88,,
TPB,STOCK,BUY,13/12/2021,17.9 - 18.1,20,16.8,,
HBC,STOCK,BUY,14/12/2021,25.0,28,23.5,,
LDG,STOCK,BUY,15/12/2021,13.3 - 13.5,15.2,12.4,,
DIG,STOCK,BUY,17/12/2021,58 - 59,65,54,,
LDG,STOCK,TAKE_PROFIT,17/12/2021,15.2 - 15.4,15.2,12.4,14.10%,
HBC,STOCK,CUT_LOSS,20/12/2021,23.5,28,23.5,-6.00%,
HQC,STOCK,BUY,20/12/2021,8.0,9,7.5,,
DIG,STOCK,TAKE_PROFIT,22/12/2021,65 - 66,65,54,11.93%,
HQC,STOCK,TAKE_PROFIT,22/12/2021,8.9 - 9.1,9,7.5,12.50%,
HBC,STOCK,BUY,23/12/2021,24.0 - 24.5,26.5,23.5,,
TPB,STOCK,CUT_LOSS,23/12/2021,16.7 - 16.9,20,16.8,-6.67%,
HBC,STOCK,TAKE_PROFIT,24/12/2021,26.5 - 27.0,26.5,23.5,10.19%,
VCG,STOCK,BUY,30/12/2021,29.5 - 30.0,33.5,28,,
GEG,STOCK,BUY,04/01/2022,18.9 - 19.1,21.5,18.2,,
GEG,STOCK,TAKE_PROFIT,05/01/2022,21.5,21.5,18.2,13.16%,
VHM,STOCK,BUY,05/01/2022,39.5 - 40.0,45.5,38,,
SSH,STOCK,TAKE_PROFIT,06/01/2022,105 - 107,106,88,13.37%,
SSH,STOCK,BUY,07/01/2022,109 - 111,126,104,,
SZC,STOCK,BUY,11/01/2022,42.5 - 43.0,47.5,39.5,,
KSB,STOCK,BUY,12/01/2022,42.5 - 43.0,48.5,41,,
SZC,STOCK,CUT_LOSS,12/01/2022,39.5,47.5,39.5,-7.60%,
VCG,STOCK,CUT_LOSS,12/01/2022,28.0,33.5,28,-5.88%,
KSB,STOCK,CUT_LOSS,14/01/2022,38.5 - 39.0,48.5,41,-9.17%,
TIP,STOCK,BUY,17/01/2022,36.5 - 37.0,41,34.5,,
VHM,STOCK,CUT_LOSS,17/01/2022,38.0,45.5,38,-4.40%,
TIP,STOCK,CUT_LOSS,28/01/2022,33.5,41,34.5,-8.90%,
LPB,STOCK,BUY,08/02/2022,11.3 - 11.5,12.7,10.8,,
TCT,STOCK,BUY,10/02/2022,38.5 - 39.0,44,36.5,,
PVS,STOCK,BUY,11/02/2022,20.5 - 21.0,23,19.3,,
LPB,STOCK,CUT_LOSS,15/02/2022,10.7 - 10.9,12.7,10.8,-5.26%,
SCS,STOCK,TAKE_PROFIT,15/02/2022,63 - 64,63,52,14.02%,
TVD,STOCK,BUY,16/02/2022,11.1 - 11.2,12.3,10.7,,
TVD,STOCK,CUT_LOSS,17/02/2022,10.6 - 10.8,12.3,10.7,-4.04%,
HVN,STOCK,BUY,22/02/2022,21.0,23.5,19.4,,
PVS,STOCK,TAKE_PROFIT,23/02/2022,23.0,23,19.3,10.84%,
SSH,STOCK,CUT_LOSS,23/02/2022,103 - 105,126,104,-5.45%,
VPG,STOCK,BUY,02/03/2022,48.5 - 49.0,55,45.5,,
BAF,STOCK,BUY,04/03/2022,19.5 - 19.8,21.5,18.7,,
C4G,STOCK,BUY,07/03/2022,20.0 - 20.5,22.5,18.8,,
HVN,STOCK,CUT_LOSS,08/03/2022,19.3 - 19.5,23.5,19.4,-7.62%,
VTO,STOCK,BUY,08/03/2022,10.1 - 10.3,11.6,9.7,,
BAF,STOCK,CUT_LOSS,09/03/2022,18.6 - 18.8,21.5,18.7,-4.83%,
VTO,STOCK,CUT_LOSS,09/03/2022,9.6 - 9.7,11.6,9.7,-5.69%,
C4G,STOCK,TAKE_PROFIT,15/03/2022,22.5,22.5,18.8,11.11%,
CSI,STOCK,BUY,23/03/2022,77 - 78,86,72,,
VTP,STOCK,BUY,28/03/2022,38.5 - 39.0,43,37,,
CMX,STOCK,BUY,30/03/2022,20.5,23,19.5,,
CSI,STOCK,TAKE_PROFIT,04/04/2022,86,86,72,10.97%,
MWG,STOCK,BUY,05/04/2022,73 - 74,84,70,,
CMX,STOCK,TAKE_PROFIT,06/04/2022,23.0,23,19.5,12.20%,
ILB,STOCK,BUY,08/04/2022,22.0,24.5,21,,
MWG,STOCK,CUT_LOSS,12/04/2022,70,84,70,-4.76%,
VTP,STOCK,CUT_LOSS,13/04/2022,37.0,43,37,-4.52%,
ILB,STOCK,CUT_LOSS,21/04/2022,20.5 - 21.0,24.5,21,-5.36%,
TCT,STOCK,CUT_LOSS,22/04/2022,35.0,44,36.5,-9.78%,
VPG,STOCK,CUT_LOSS,09/05/2022,45.0 - 46.0,55,45.5,-6.67%,
HCM,STOCK,BUY,02/08/2022,11.3 - 11.4,12.6,10.6,,
SAB,STOCK,BUY,08/08/2022,68 - 69,76,65,,
HSG,STOCK,BUY,11/08/2022,12.2 - 12.4,13.6,11.6,,
VND,STOCK,BUY,12/08/2022,17.5 - 17.6,20,16.2,,
NKG,STOCK,BUY,15/08/2022,15.3 - 15.5,17,14.5,,
HAG,STOCK,BUY,25/08/2022,12.6 - 12.7,14.4,11.7,,
VNM,STOCK,BUY,26/08/2022,62 - 63,70,59,,
TLG,STOCK,BUY,30/08/2022,40.5 - 41.0,46.5,38.5,,
HCM,STOCK,CUT_LOSS,07/09/2022,10.5 - 10.7,12.6,10.6,-6.61%,
VND,STOCK,CUT_LOSS,07/09/2022,16.1 - 16.3,20,16.2,-7.69%,
MWG,STOCK,BUY,08/09/2022,67 - 68,75,65,,
BCM,STOCK,BUY,09/09/2022,83 - 84,96,78,,
HAG,STOCK,CUT_LOSS,09/09/2022,11.6 - 11.8,14.4,11.7,-7.51%,
DPM,STOCK,BUY,12/09/2022,22.0 - 22.5,25,21,,
TLG,STOCK,TAKE_PROFIT,12/09/2022,46.0 - 47.0,46.5,38.5,14.11%,
BCM,STOCK,TAKE_PROFIT,19/09/2022,95 - 97,96,78,14.97%,
DPM,STOCK,CUT_LOSS,19/09/2022,21.0,25,21,-5.62%,
HSG,STOCK,CUT_LOSS,19/09/2022,11.5 - 11.7,13.6,11.6,-5.69%,
NKG,STOCK,CUT_LOSS,20/09/2022,14.4 - 14.6,17,14.5,-5.84%,
MWG,STOCK,CUT_LOSS,26/09/2022,64 - 65,75,65,-4.19%,
VNM,STOCK,CUT_LOSS,26/09/2022,59,70,59,-5.60%,
SAB,STOCK,CUT_LOSS,28/11/2022,62 - 63,76,65,-8.67%,
