customer_id,customer_type,account_open_date
CUS000001,INDIVIDUAL,2015-08-09
CUS000002,INDIVIDUAL,2019-03-20
CUS000003,INDIVIDUAL,2020-12-11
CUS000004,INDIVIDUAL,2015-11-08
CUS000005,INDIVIDUAL,2020-09-11
CUS000006,INDIVIDUAL,2017-12-17
CUS000007,INDIVIDUAL,2021-07-29
CUS000008,INDIVIDUAL,2020-10-02
CUS000009,INSTITUTION,2016-05-09
CUS000010,INDIVIDUAL,2018-05-15
CUS000011,INDIVIDUAL,2016-04-24
CUS000012,INDIVIDUAL,2017-07-28
CUS000013,INDIVIDUAL,2019-05-09
CUS000014,INDIVIDUAL,2022-02-25
CUS000015,INDIVIDUAL,2021-02-26
CUS000016,INDIVIDUAL,2021-04-16
CUS000017,INDIVIDUAL,2017-07-02
CUS000018,INDIVIDUAL,2019-07-19
CUS000019,INDIVIDUAL,2021-11-10
CUS000020,INDIVIDUAL,2019-10-07
CUS000021,INDIVIDUAL,2020-03-02
CUS000022,INDIVIDUAL,2014-10-02
CUS000023,INDIVIDUAL,2021-01-07
CUS000024,INDIVIDUAL,2016-07-11
CUS000025,INDIVIDUAL,2021-03-04
CUS000026,INDIVIDUAL,2021-10-14
CUS000027,INDIVIDUAL,2021-06-21
CUS000028,INDIVIDUAL,2017-11-13
CUS000029,INDIVIDUAL,2022-02-24
CUS000030,INDIVIDUAL,2022-08-09
CUS000031,INDIVIDUAL,2018-04-24
CUS000032,INDIVIDUAL,2022-06-08
CUS000033,INDIVIDUAL,2019-09-30
CUS000034,INDIVIDUAL,2018-09-01
CUS000035,INDIVIDUAL,2021-12-15
CUS000036,INDIVIDUAL,2021-02-02
CUS000037,INDIVIDUAL,2022-08-30
CUS000038,INDIVIDUAL,2018-06-30
CUS000039,INDIVIDUAL,2020-08-28
CUS000040,INDIVIDUAL,2022-10-13
CUS000041,INDIVIDUAL,2014-04-17
CUS000042,INDIVIDUAL,2020-06-18
CUS000043,INDIVIDUAL,2021-04-19
CUS000044,INDIVIDUAL,2018-02-07
CUS000045,INDIVIDUAL,2014-05-20
CUS000046,INDIVIDUAL,2014-12-02
CUS000047,INDIVIDUAL,2019-03-21
CUS000048,INDIVIDUAL,2019-08-01
CUS000049,INDIVIDUAL,2019-06-26
CUS000050,INDIVIDUAL,2022-01-18
CUS000051,INDIVIDUAL,2017-06-13
CUS000052,INDIVIDUAL,2021-08-24
CUS000053,INDIVIDUAL,2019-12-17
CUS000054,INDIVIDUAL,2018-03-15
CUS000055,INDIVIDUAL,2021-07-27
CUS000056,INDIVIDUAL,2022-10-06
CUS000057,INDIVIDUAL,2021-06-24
CUS000058,INDIVIDUAL,2022-07-21
CUS000059,INDIVIDUAL,2021-11-19
CUS000060,INDIVIDUAL,2016-11-02
CUS000061,INDIVIDUAL,2018-05-08
CUS000062,INDIVIDUAL,2020-06-22
CUS000063,INDIVIDUAL,2022-09-29
CUS000064,INDIVIDUAL,2017-11-26
CUS000065,INDIVIDUAL,2020-11-18
CUS000066,INDIVIDUAL,2022-03-09
CUS000067,INDIVIDUAL,2022-05-20
CUS000068,INDIVIDUAL,2014-11-11
CUS000069,INDIVIDUAL,2022-06-28
CUS000070,INDIVIDUAL,2016-08-19
CUS000071,INDIVIDUAL,2016-08-30
CUS000072,INDIVIDUAL,2021-05-10
CUS000073,INDIVIDUAL,2019-07-12
CUS000074,INSTITUTION,2014-01-17
CUS000075,INSTITUTION,2019-07-12
CUS000076,INDIVIDUAL,2020-12-04
CUS000077,INSTITUTION,2022-10-28
CUS000078,INDIVIDUAL,2014-04-02
CUS000079,INSTITUTION,2022-10-12
CUS000080,INDIVIDUAL,2016-11-23
CUS000081,INDIVIDUAL,2021-08-31
CUS000082,INDIVIDUAL,2018-06-28
CUS000083,INDIVIDUAL,2022-03-04
CUS000084,INDIVIDUAL,2015-01-14
CUS000085,INSTITUTION,2021-03-24
CUS000086,INDIVIDUAL,2020-08-04
CUS000087,INDIVIDUAL,2016-12-05
CUS000088,INDIVIDUAL,2020-04-03
CUS000089,INDIVIDUAL,2014-01-27
CUS000090,INDIVIDUAL,2020-08-12
CUS000091,INDIVIDUAL,2016-06-09
CUS000092,INDIVIDUAL,2014-09-22
CUS000093,INDIVIDUAL,2019-08-05
CUS000094,INDIVIDUAL,2022-10-07
CUS000095,INDIVIDUAL,2018-05-24
CUS000096,INDIVIDUAL,2021-02-08
CUS000097,INDIVIDUAL,2020-10-05
CUS000098,INDIVIDUAL,2022-06-17
CUS000099,INDIVIDUAL,2021-01-27
CUS000100,INDIVIDUAL,2014-10-20
CUS000101,INDIVIDUAL,2020-09-15
CUS000102,INDIVIDUAL,2020-08-24
CUS000103,INDIVIDUAL,2014-05-04
CUS000104,INDIVIDUAL,2020-05-15
CUS000105,INDIVIDUAL,2019-12-31
CUS000106,INDIVIDUAL,2021-03-15
CUS000107,INDIVIDUAL,2021-11-24
CUS000108,INDIVIDUAL,2022-06-15
CUS000109,INDIVIDUAL,2020-07-06
CUS000110,INDIVIDUAL,2019-08-27
CUS000111,INSTITUTION,2017-06-21
CUS000112,INDIVIDUAL,2022-07-14
CUS000113,INDIVIDUAL,2022-09-06
CUS000114,INDIVIDUAL,2020-01-16
CUS000115,INDIVIDUAL,2021-09-08
CUS000116,INDIVIDUAL,2015-08-23
CUS000117,INDIVIDUAL,2022-05-24
CUS000118,INDIVIDUAL,2014-05-22
CUS000119,INDIVIDUAL,2016-02-05
CUS000120,INDIVIDUAL,2018-01-14
CUS000121,INDIVIDUAL,2022-08-23
CUS000122,INDIVIDUAL,2021-09-15
CUS000123,INDIVIDUAL,2020-05-07
CUS000124,INDIVIDUAL,2022-01-10
CUS000125,INDIVIDUAL,2014-03-21
CUS000126,INDIVIDUAL,2019-06-24
CUS000127,INDIVIDUAL,2016-05-28
CUS000128,INDIVIDUAL,2019-08-19
CUS000129,INDIVIDUAL,2021-08-17
CUS000130,INDIVIDUAL,2019-10-07
CUS000131,INDIVIDUAL,2014-12-17
CUS000132,INDIVIDUAL,2019-08-20
CUS000133,INDIVIDUAL,2015-03-13
CUS000134,INDIVIDUAL,2022-10-26
CUS000135,INDIVIDUAL,2021-09-23
CUS000136,INDIVIDUAL,2021-04-27
CUS000137,INDIVIDUAL,2022-10-10
CUS000138,INDIVIDUAL,2021-02-04
CUS000139,INDIVIDUAL,2022-05-10
CUS000140,INDIVIDUAL,2019-03-01
CUS000141,INDIVIDUAL,2021-06-15
CUS000142,INDIVIDUAL,2016-09-05
CUS000143,INDIVIDUAL,2020-05-13
CUS000144,INDIVIDUAL,2021-06-01
CUS000145,INDIVIDUAL,2022-10-11
CUS000146,INDIVIDUAL,2020-06-30
CUS000147,INDIVIDUAL,2020-12-31
CUS000148,INDIVIDUAL,2021-06-25
CUS000149,INDIVIDUAL,2016-01-18
CUS000150,INDIVIDUAL,2019-11-29
CUS000151,INDIVIDUAL,2019-03-13
CUS000152,INDIVIDUAL,2014-12-02
CUS000153,INDIVIDUAL,2016-04-05
CUS000154,INDIVIDUAL,2022-08-01
CUS000155,INSTITUTION,2022-08-24
CUS000156,INDIVIDUAL,2020-10-15
CUS000157,INDIVIDUAL,2020-10-06
CUS000158,INDIVIDUAL,2022-01-10
CUS000159,INDIVIDUAL,2020-08-21
CUS000160,INDIVIDUAL,2019-03-08
CUS000161,INDIVIDUAL,2017-06-04
CUS000162,INDIVIDUAL,2020-10-30
CUS000163,INDIVIDUAL,2020-11-18
CUS000164,INDIVIDUAL,2020-12-24
CUS000165,INDIVIDUAL,2020-08-11
CUS000166,INDIVIDUAL,2016-03-13
CUS000167,INDIVIDUAL,2020-08-12
CUS000168,INDIVIDUAL,2021-03-04
CUS000169,INDIVIDUAL,2022-05-24
CUS000170,INDIVIDUAL,2015-10-20
CUS000171,INDIVIDUAL,2020-09-11
CUS000172,INSTITUTION,2016-11-20
CUS000173,INDIVIDUAL,2021-09-30
CUS000174,INDIVIDUAL,2022-04-27
CUS000175,INDIVIDUAL,2018-06-13
CUS000176,INDIVIDUAL,2015-10-30
CUS000177,INDIVIDUAL,2022-10-06
CUS000178,INDIVIDUAL,2019-11-05
CUS000179,INDIVIDUAL,2019-11-04
CUS000180,INDIVIDUAL,2019-09-26
CUS000181,INDIVIDUAL,2020-06-01
CUS000182,INDIVIDUAL,2020-12-15
CUS000183,INDIVIDUAL,2019-05-09
CUS000184,INDIVIDUAL,2020-08-31
CUS000185,INDIVIDUAL,2020-04-23
CUS000186,INDIVIDUAL,2019-03-13
CUS000187,INDIVIDUAL,2021-05-21
CUS000188,INDIVIDUAL,2014-06-28
CUS000189,INDIVIDUAL,2020-12-15
CUS000190,INDIVIDUAL,2021-10-20
CUS000191,INDIVIDUAL,2022-06-17
CUS000192,INDIVIDUAL,2021-09-23
CUS000193,INDIVIDUAL,2021-07-19
CUS000194,INDIVIDUAL,2020-03-13
CUS000195,INSTITUTION,2021-08-03
CUS000196,INDIVIDUAL,2016-05-01
CUS000197,INDIVIDUAL,2020-01-20
CUS000198,INDIVIDUAL,2015-11-26
CUS000199,INSTITUTION,2021-10-22
CUS000200,INSTITUTION,2020-05-22
CUS000201,INDIVIDUAL,2014-06-06
CUS000202,INDIVIDUAL,2022-03-31
CUS000203,INDIVIDUAL,2019-01-11
CUS000204,INDIVIDUAL,2019-05-22
CUS000205,INDIVIDUAL,2022-07-27
CUS000206,INDIVIDUAL,2020-06-09
CUS000207,INDIVIDUAL,2016-04-21
CUS000208,INDIVIDUAL,2021-07-07
CUS000209,INDIVIDUAL,2021-04-13
CUS000210,INDIVIDUAL,2018-11-15
CUS000211,INDIVIDUAL,2022-08-31
CUS000212,INDIVIDUAL,2021-08-16
CUS000213,INDIVIDUAL,2018-11-05
CUS000214,INDIVIDUAL,2018-11-05
CUS000215,INDIVIDUAL,2019-11-14
CUS000216,INDIVIDUAL,2022-08-08
CUS000217,INDIVIDUAL,2021-07-01
CUS000218,INDIVIDUAL,2017-05-10
CUS000219,INDIVIDUAL,2021-11-15
CUS000220,INDIVIDUAL,2014-04-22
CUS000221,INDIVIDUAL,2021-01-29
CUS000222,INDIVIDUAL,2020-07-01
CUS000223,INDIVIDUAL,2016-03-29
CUS000224,INDIVIDUAL,2020-09-18
CUS000225,INDIVIDUAL,2016-04-30
CUS000226,INDIVIDUAL,2017-01-12
CUS000227,INDIVIDUAL,2019-06-05
CUS000228,INDIVIDUAL,2019-10-11
CUS000229,INDIVIDUAL,2019-10-03
CUS000230,INDIVIDUAL,2022-05-13
CUS000231,INDIVIDUAL,2016-10-13
CUS000232,INDIVIDUAL,2022-01-05
CUS000233,INDIVIDUAL,2020-12-28
CUS000234,INDIVIDUAL,2021-09-27
CUS000235,INDIVIDUAL,2021-01-14
CUS000236,INDIVIDUAL,2021-07-22
CUS000237,INDIVIDUAL,2022-08-26
CUS000238,INDIVIDUAL,2021-07-27
CUS000239,INDIVIDUAL,2017-11-02
CUS000240,INDIVIDUAL,2015-05-02
CUS000241,INDIVIDUAL,2015-04-04
CUS000242,INDIVIDUAL,2015-08-22
CUS000243,INDIVIDUAL,2020-09-04
CUS000244,INDIVIDUAL,2020-07-29
CUS000245,INSTITUTION,2017-11-27
CUS000246,INDIVIDUAL,2020-12-14
CUS000247,INDIVIDUAL,2015-09-08
CUS000248,INDIVIDUAL,2018-01-06
CUS000249,INDIVIDUAL,2017-12-20
CUS000250,INDIVIDUAL,2022-11-07
CUS000251,INDIVIDUAL,2021-05-26
CUS000252,INDIVIDUAL,2020-06-16
CUS000253,INSTITUTION,2018-11-18
CUS000254,INDIVIDUAL,2017-07-06
CUS000255,INDIVIDUAL,2020-08-03
CUS000256,INDIVIDUAL,2015-08-04
CUS000257,INDIVIDUAL,2019-03-01
CUS000258,INDIVIDUAL,2022-10-19
CUS000259,INDIVIDUAL,2021-05-24
CUS000260,INDIVIDUAL,2021-04-05
CUS000261,INDIVIDUAL,2018-03-04
CUS000262,INDIVIDUAL,2020-08-18
CUS000263,INDIVIDUAL,2017-11-09
CUS000264,INDIVIDUAL,2021-02-17
CUS000265,INDIVIDUAL,2019-08-26
CUS000266,INDIVIDUAL,2014-02-18
CUS000267,INDIVIDUAL,2020-12-04
CUS000268,INDIVIDUAL,2019-09-05
CUS000269,INDIVIDUAL,2014-03-31
CUS000270,INDIVIDUAL,2015-03-19
CUS000271,INDIVIDUAL,2022-11-18
CUS000272,INDIVIDUAL,2022-10-31
CUS000273,INDIVIDUAL,2021-05-13
CUS000274,INDIVIDUAL,2016-02-05
CUS000275,INDIVIDUAL,2021-01-05
CUS000276,INDIVIDUAL,2020-08-19
CUS000277,INDIVIDUAL,2019-05-31
CUS000278,INSTITUTION,2022-10-19
CUS000279,INDIVIDUAL,2014-11-25
CUS000280,INDIVIDUAL,2020-08-12
CUS000281,INDIVIDUAL,2021-07-30
CUS000282,INDIVIDUAL,2022-09-14
CUS000283,INDIVIDUAL,2021-12-17
CUS000284,INDIVIDUAL,2022-03-10
CUS000285,INDIVIDUAL,2020-06-08
CUS000286,INDIVIDUAL,2019-07-30
CUS000287,INDIVIDUAL,2022-10-28
CUS000288,INDIVIDUAL,2019-12-05
CUS000289,INDIVIDUAL,2020-10-28
CUS000290,INDIVIDUAL,2021-11-08
CUS000291,INDIVIDUAL,2020-06-05
CUS000292,INDIVIDUAL,2020-10-23
CUS000293,INDIVIDUAL,2021-09-15
CUS000294,INDIVIDUAL,2022-10-07
CUS000295,INDIVIDUAL,2022-03-21
CUS000296,INDIVIDUAL,2018-09-05
CUS000297,INDIVIDUAL,2019-06-24
CUS000298,INDIVIDUAL,2021-01-04
CUS000299,INDIVIDUAL,2014-12-10
CUS000300,INDIVIDUAL,2019-03-07
CUS000301,INDIVIDUAL,2016-07-26
CUS000302,INDIVIDUAL,2021-12-17
CUS000303,INDIVIDUAL,2022-03-15
CUS000304,INDIVIDUAL,2020-11-09
CUS000305,INDIVIDUAL,2020-12-01
CUS000306,INDIVIDUAL,2014-01-23
CUS000307,INDIVIDUAL,2014-09-05
CUS000308,INDIVIDUAL,2022-07-14
CUS000309,INDIVIDUAL,2019-06-17
CUS000310,INDIVIDUAL,2015-06-07
CUS000311,INDIVIDUAL,2014-10-03
CUS000312,INDIVIDUAL,2021-04-20
CUS000313,INDIVIDUAL,2019-05-22
CUS000314,INDIVIDUAL,2020-10-21
CUS000315,INDIVIDUAL,2022-05-09
CUS000316,INDIVIDUAL,2021-12-02
CUS000317,INDIVIDUAL,2014-04-16
CUS000318,INDIVIDUAL,2019-03-26
CUS000319,INDIVIDUAL,2021-06-25
CUS000320,INDIVIDUAL,2020-03-30
CUS000321,INDIVIDUAL,2018-06-15
CUS000322,INDIVIDUAL,2022-01-21
CUS000323,INDIVIDUAL,2016-05-20
CUS000324,INSTITUTION,2019-09-27
CUS000325,INDIVIDUAL,2018-12-11
CUS000326,INDIVIDUAL,2020-02-28
CUS000327,INDIVIDUAL,2021-09-09
CUS000328,INSTITUTION,2014-03-02
CUS000329,INDIVIDUAL,2019-08-28
CUS000330,INDIVIDUAL,2020-11-30
CUS000331,INSTITUTION,2022-08-11
CUS000332,INDIVIDUAL,2021-02-18
CUS000333,INDIVIDUAL,2021-04-01
CUS000334,INDIVIDUAL,2022-06-06
CUS000335,INDIVIDUAL,2021-04-26
CUS000336,INDIVIDUAL,2016-09-12
CUS000337,INDIVIDUAL,2020-07-22
CUS000338,INDIVIDUAL,2015-08-05
CUS000339,INDIVIDUAL,2016-03-11
CUS000340,INDIVIDUAL,2021-06-30
CUS000341,INDIVIDUAL,2022-10-07
CUS000342,INSTITUTION,2019-03-20
CUS000343,INDIVIDUAL,2017-07-04
CUS000344,INDIVIDUAL,2020-06-01
CUS000345,INDIVIDUAL,2022-01-25
CUS000346,INDIVIDUAL,2018-05-06
CUS000347,INDIVIDUAL,2021-02-22
CUS000348,INDIVIDUAL,2019-06-04
CUS000349,INDIVIDUAL,2020-04-13
CUS000350,INDIVIDUAL,2021-04-14
CUS000351,INDIVIDUAL,2019-12-03
CUS000352,INDIVIDUAL,2019-10-29
CUS000353,INDIVIDUAL,2018-02-06
CUS000354,INDIVIDUAL,2015-08-29
CUS000355,INDIVIDUAL,2020-04-24
CUS000356,INDIVIDUAL,2017-04-16
CUS000357,INDIVIDUAL,2019-05-02
CUS000358,INSTITUTION,2022-01-27
CUS000359,INDIVIDUAL,2017-05-09
CUS000360,INDIVIDUAL,2018-01-01
CUS000361,INDIVIDUAL,2019-06-27
CUS000362,INDIVIDUAL,2014-11-23
CUS000363,INDIVIDUAL,2021-04-15
CUS000364,INDIVIDUAL,2021-12-09
CUS000365,INSTITUTION,2021-11-16
CUS000366,INDIVIDUAL,2020-09-17
CUS000367,INDIVIDUAL,2020-05-08
CUS000368,INDIVIDUAL,2020-04-16
CUS000369,INDIVIDUAL,2016-04-08
CUS000370,INDIVIDUAL,2022-10-31
CUS000371,INDIVIDUAL,2019-11-04
CUS000372,INDIVIDUAL,2014-05-05
CUS000373,INDIVIDUAL,2020-12-31
CUS000374,INDIVIDUAL,2014-01-02
CUS000375,INDIVIDUAL,2020-07-31
CUS000376,INDIVIDUAL,2021-08-27
CUS000377,INDIVIDUAL,2021-07-26
CUS000378,INDIVIDUAL,2022-10-19
CUS000379,INDIVIDUAL,2020-12-28
CUS000380,INDIVIDUAL,2016-10-12
CUS000381,INDIVIDUAL,2019-07-12
CUS000382,INDIVIDUAL,2021-08-23
CUS000383,INDIVIDUAL,2020-04-03
CUS000384,INDIVIDUAL,2022-06-08
CUS000385,INDIVIDUAL,2019-07-26
CUS000386,INDIVIDUAL,2021-04-12
CUS000387,INDIVIDUAL,2019-07-05
CUS000388,INDIVIDUAL,2022-10-20
CUS000389,INDIVIDUAL,2015-10-11
CUS000390,INSTITUTION,2019-01-21
CUS000391,INDIVIDUAL,2020-04-22
CUS000392,INDIVIDUAL,2015-03-12
CUS000393,INDIVIDUAL,2018-04-11
CUS000394,INDIVIDUAL,2014-06-20
CUS000395,INDIVIDUAL,2022-05-18
CUS000396,INDIVIDUAL,2021-12-29
CUS000397,INDIVIDUAL,2020-03-03
CUS000398,INDIVIDUAL,2015-09-29
CUS000399,INDIVIDUAL,2021-10-18
CUS000400,INDIVIDUAL,2017-02-06
CUS000401,INDIVIDUAL,2022-07-21
CUS000402,INDIVIDUAL,2019-01-04
CUS000403,INDIVIDUAL,2018-09-27
CUS000404,INDIVIDUAL,2015-06-22
CUS000405,INSTITUTION,2020-06-26
CUS000406,INDIVIDUAL,2020-11-24
CUS000407,INDIVIDUAL,2020-08-11
CUS000408,INDIVIDUAL,2021-10-12
CUS000409,INDIVIDUAL,2020-11-17
CUS000410,INDIVIDUAL,2020-12-11
CUS000411,INDIVIDUAL,2021-12-15
CUS000412,INDIVIDUAL,2022-05-13
CUS000413,INDIVIDUAL,2020-09-24
CUS000414,INDIVIDUAL,2022-01-25
CUS000415,INDIVIDUAL,2022-05-06
CUS000416,INSTITUTION,2022-08-30
CUS000417,INSTITUTION,2019-03-25
CUS000418,INDIVIDUAL,2022-08-16
CUS000419,INDIVIDUAL,2022-02-17
CUS000420,INDIVIDUAL,2018-05-21
CUS000421,INDIVIDUAL,2019-09-03
CUS000422,INDIVIDUAL,2020-12-03
CUS000423,INDIVIDUAL,2019-03-29
CUS000424,INDIVIDUAL,2020-02-03
CUS000425,INDIVIDUAL,2016-12-20
CUS000426,INDIVIDUAL,2015-01-01
CUS000427,INDIVIDUAL,2021-06-25
CUS000428,INDIVIDUAL,2014-02-07
CUS000429,INDIVIDUAL,2021-09-01
CUS000430,INSTITUTION,2021-02-25
CUS000431,INDIVIDUAL,2022-08-18
CUS000432,INDIVIDUAL,2021-06-02
CUS000433,INDIVIDUAL,2021-01-27
CUS000434,INDIVIDUAL,2019-11-27
CUS000435,INDIVIDUAL,2020-12-16
CUS000436,INSTITUTION,2020-08-19
CUS000437,INDIVIDUAL,2019-01-22
CUS000438,INDIVIDUAL,2021-01-27
CUS000439,INDIVIDUAL,2014-05-12
CUS000440,INDIVIDUAL,2021-07-07
CUS000441,INDIVIDUAL,2022-02-10
CUS000442,INDIVIDUAL,2020-03-06
CUS000443,INDIVIDUAL,2021-03-10
CUS000444,INDIVIDUAL,2021-10-19
CUS000445,INDIVIDUAL,2018-12-20
CUS000446,INSTITUTION,2021-05-05
CUS000447,INDIVIDUAL,2017-11-02
CUS000448,INDIVIDUAL,2020-12-10
CUS000449,INDIVIDUAL,2021-08-09
CUS000450,INDIVIDUAL,2022-07-06
CUS000451,INSTITUTION,2016-01-13
CUS000452,INDIVIDUAL,2020-01-10
CUS000453,INDIVIDUAL,2019-11-26
CUS000454,INDIVIDUAL,2014-07-01
CUS000455,INDIVIDUAL,2020-12-28
CUS000456,INDIVIDUAL,2020-11-12
CUS000457,INDIVIDUAL,2015-11-17
CUS000458,INSTITUTION,2022-06-01
CUS000459,INDIVIDUAL,2022-08-09
CUS000460,INDIVIDUAL,2016-11-20
CUS000461,INDIVIDUAL,2020-04-24
CUS000462,INDIVIDUAL,2020-08-17
CUS000463,INDIVIDUAL,2021-02-02
CUS000464,INDIVIDUAL,2018-05-07
CUS000465,INDIVIDUAL,2022-05-11
CUS000466,INDIVIDUAL,2020-09-17
CUS000467,INDIVIDUAL,2020-10-12
CUS000468,INSTITUTION,2021-01-07
CUS000469,INDIVIDUAL,2014-11-05
CUS000470,INDIVIDUAL,2019-08-20
CUS000471,INDIVIDUAL,2016-02-21
CUS000472,INDIVIDUAL,2021-03-15
CUS000473,INDIVIDUAL,2015-11-16
CUS000474,INDIVIDUAL,2020-07-14
CUS000475,INSTITUTION,2014-10-13
CUS000476,INDIVIDUAL,2019-12-05
CUS000477,INDIVIDUAL,2020-10-01
CUS000478,INDIVIDUAL,2022-05-13
CUS000479,INDIVIDUAL,2021-07-09
CUS000480,INDIVIDUAL,2015-11-17
CUS000481,INDIVIDUAL,2022-05-06
CUS000482,INDIVIDUAL,2020-07-20
CUS000483,INDIVIDUAL,2020-08-06
CUS000484,INDIVIDUAL,2017-12-07
CUS000485,INDIVIDUAL,2014-11-10
CUS000486,INDIVIDUAL,2022-09-22
CUS000487,INDIVIDUAL,2020-11-18
CUS000488,INDIVIDUAL,2018-08-01
CUS000489,INDIVIDUAL,2014-04-25
CUS000490,INDIVIDUAL,2021-12-07
CUS000491,INDIVIDUAL,2019-12-31
CUS000492,INDIVIDUAL,2019-12-30
CUS000493,INDIVIDUAL,2014-07-25
CUS000494,INDIVIDUAL,2018-12-02
CUS000495,INDIVIDUAL,2020-03-05
CUS000496,INDIVIDUAL,2021-09-30
CUS000497,INDIVIDUAL,2021-07-05
CUS000498,INDIVIDUAL,2022-10-11
CUS000499,INDIVIDUAL,2021-07-01
CUS000500,INDIVIDUAL,2014-04-08
CUS000501,INDIVIDUAL,2014-02-02
CUS000502,INDIVIDUAL,2021-06-16
CUS000503,INDIVIDUAL,2021-09-06
CUS000504,INDIVIDUAL,2021-10-08
CUS000505,INDIVIDUAL,2022-06-16
CUS000506,INDIVIDUAL,2018-03-25
CUS000507,INDIVIDUAL,2021-03-16
CUS000508,INDIVIDUAL,2019-03-01
CUS000509,INDIVIDUAL,2022-07-05
CUS000510,INDIVIDUAL,2021-09-29
CUS000511,INDIVIDUAL,2020-11-25
CUS000512,INDIVIDUAL,2020-06-05
CUS000513,INDIVIDUAL,2016-06-06
CUS000514,INDIVIDUAL,2015-08-26
CUS000515,INDIVIDUAL,2020-06-09
CUS000516,INDIVIDUAL,2020-10-15
CUS000517,INDIVIDUAL,2019-05-07
CUS000518,INDIVIDUAL,2019-06-10
CUS000519,INDIVIDUAL,2021-10-21
CUS000520,INSTITUTION,2014-05-24
CUS000521,INDIVIDUAL,2020-04-07
CUS000522,INDIVIDUAL,2018-05-03
CUS000523,INDIVIDUAL,2017-05-04
CUS000524,INDIVIDUAL,2020-01-15
CUS000525,INDIVIDUAL,2018-08-30
CUS000526,INDIVIDUAL,2019-04-02
CUS000527,INDIVIDUAL,2022-10-03
CUS000528,INDIVIDUAL,2022-05-11
CUS000529,INDIVIDUAL,2020-11-13
CUS000530,INDIVIDUAL,2020-08-31
CUS000531,INDIVIDUAL,2019-12-20
CUS000532,INDIVIDUAL,2019-03-07
CUS000533,INDIVIDUAL,2022-08-19
CUS000534,INDIVIDUAL,2019-09-09
CUS000535,INSTITUTION,2020-03-10
CUS000536,INDIVIDUAL,2019-10-01
CUS000537,INDIVIDUAL,2018-03-18
CUS000538,INDIVIDUAL,2019-10-10
CUS000539,INDIVIDUAL,2019-10-04
CUS000540,INDIVIDUAL,2020-04-13
CUS000541,INDIVIDUAL,2015-12-14
CUS000542,INDIVIDUAL,2021-05-25
CUS000543,INDIVIDUAL,2020-04-06
CUS000544,INDIVIDUAL,2021-12-01
CUS000545,INDIVIDUAL,2021-03-29
CUS000546,INSTITUTION,2019-01-09
CUS000547,INDIVIDUAL,2020-02-04
CUS000548,INDIVIDUAL,2018-11-18
CUS000549,INDIVIDUAL,2022-07-05
CUS000550,INDIVIDUAL,2021-10-19
CUS000551,INDIVIDUAL,2014-03-08
CUS000552,INDIVIDUAL,2021-06-28
CUS000553,INDIVIDUAL,2021-04-20
CUS000554,INDIVIDUAL,2020-08-31
CUS000555,INDIVIDUAL,2015-05-21
CUS000556,INSTITUTION,2022-09-07
CUS000557,INDIVIDUAL,2014-12-02
CUS000558,INDIVIDUAL,2020-01-14
CUS000559,INDIVIDUAL,2022-02-08
CUS000560,INDIVIDUAL,2020-07-29
CUS000561,INDIVIDUAL,2019-03-08
CUS000562,INDIVIDUAL,2021-07-02
CUS000563,INDIVIDUAL,2022-06-16
CUS000564,INDIVIDUAL,2020-10-06
CUS000565,INDIVIDUAL,2019-08-13
CUS000566,INDIVIDUAL,2022-03-21
CUS000567,INDIVIDUAL,2021-07-29
CUS000568,INDIVIDUAL,2020-09-07
CUS000569,INDIVIDUAL,2019-05-24
CUS000570,INDIVIDUAL,2021-12-14
CUS000571,INDIVIDUAL,2019-08-06
CUS000572,INDIVIDUAL,2017-04-22
CUS000573,INDIVIDUAL,2019-07-17
CUS000574,INDIVIDUAL,2020-10-21
CUS000575,INDIVIDUAL,2022-01-28
CUS000576,INDIVIDUAL,2017-06-14
CUS000577,INSTITUTION,2022-02-17
CUS000578,INSTITUTION,2019-03-27
CUS000579,INDIVIDUAL,2021-04-06
CUS000580,INDIVIDUAL,2015-09-30
CUS000581,INDIVIDUAL,2021-09-24
CUS000582,INDIVIDUAL,2014-08-17
CUS000583,INDIVIDUAL,2020-10-09
CUS000584,INDIVIDUAL,2017-09-29
CUS000585,INDIVIDUAL,2022-02-17
CUS000586,INDIVIDUAL,2021-03-04
CUS000587,INDIVIDUAL,2021-07-26
CUS000588,INDIVIDUAL,2017-07-23
CUS000589,INDIVIDUAL,2020-09-22
CUS000590,INDIVIDUAL,2015-06-26
CUS000591,INDIVIDUAL,2022-07-06
CUS000592,INDIVIDUAL,2016-03-17
CUS000593,INDIVIDUAL,2014-11-08
CUS000594,INDIVIDUAL,2020-06-24
CUS000595,INSTITUTION,2017-12-04
CUS000596,INDIVIDUAL,2017-04-05
CUS000597,INDIVIDUAL,2021-11-12
CUS000598,INSTITUTION,2020-09-29
CUS000599,INDIVIDUAL,2014-11-04
CUS000600,INDIVIDUAL,2020-07-22
CUS000601,INDIVIDUAL,2021-03-08
CUS000602,INDIVIDUAL,2020-06-24
CUS000603,INDIVIDUAL,2016-01-15
CUS000604,INDIVIDUAL,2021-10-18
CUS000605,INDIVIDUAL,2022-02-24
CUS000606,INDIVIDUAL,2021-04-05
CUS000607,INDIVIDUAL,2017-05-07
CUS000608,INDIVIDUAL,2018-04-12
CUS000609,INDIVIDUAL,2022-02-24
CUS000610,INDIVIDUAL,2022-07-22
CUS000611,INDIVIDUAL,2018-10-14
CUS000612,INDIVIDUAL,2020-10-05
CUS000613,INSTITUTION,2021-11-02
CUS000614,INDIVIDUAL,2020-06-17
CUS000615,INDIVIDUAL,2021-12-28
CUS000616,INDIVIDUAL,2018-07-03
CUS000617,INDIVIDUAL,2016-03-10
CUS000618,INDIVIDUAL,2020-02-26
CUS000619,INDIVIDUAL,2022-09-15
CUS000620,INDIVIDUAL,2020-07-20
CUS000621,INDIVIDUAL,2021-10-04
CUS000622,INDIVIDUAL,2015-04-17
CUS000623,INDIVIDUAL,2016-02-21
CUS000624,INDIVIDUAL,2021-10-15
CUS000625,INDIVIDUAL,2021-11-30
CUS000626,INDIVIDUAL,2020-08-26
CUS000627,INDIVIDUAL,2016-08-11
CUS000628,INDIVIDUAL,2021-04-16
CUS000629,INDIVIDUAL,2020-03-09
CUS000630,INDIVIDUAL,2014-03-01
CUS000631,INSTITUTION,2021-06-28
CUS000632,INDIVIDUAL,2022-05-25
CUS000633,INDIVIDUAL,2022-11-14
CUS000634,INSTITUTION,2021-11-18
CUS000635,INDIVIDUAL,2020-12-25
CUS000636,INDIVIDUAL,2020-06-09
CUS000637,INDIVIDUAL,2016-08-13
CUS000638,INDIVIDUAL,2019-09-13
CUS000639,INDIVIDUAL,2019-12-09
CUS000640,INDIVIDUAL,2017-10-25
CUS000641,INDIVIDUAL,2015-04-12
CUS000642,INDIVIDUAL,2022-10-03
CUS000643,INDIVIDUAL,2021-10-22
CUS000644,INDIVIDUAL,2018-09-28
CUS000645,INDIVIDUAL,2020-10-14
CUS000646,INDIVIDUAL,2017-02-04
CUS000647,INDIVIDUAL,2018-05-15
CUS000648,INDIVIDUAL,2022-08-18
CUS000649,INSTITUTION,2016-03-15
CUS000650,INDIVIDUAL,2021-07-15
CUS000651,INDIVIDUAL,2021-02-09
CUS000652,INSTITUTION,2021-12-22
CUS000653,INDIVIDUAL,2020-11-25
CUS000654,INDIVIDUAL,2016-12-31
CUS000655,INDIVIDUAL,2020-08-06
CUS000656,INDIVIDUAL,2021-12-07
CUS000657,INDIVIDUAL,2022-08-23
CUS000658,INDIVIDUAL,2015-02-28
CUS000659,INDIVIDUAL,2021-07-08
CUS000660,INDIVIDUAL,2022-05-11
CUS000661,INDIVIDUAL,2016-08-31
CUS000662,INDIVIDUAL,2022-03-14
CUS000663,INDIVIDUAL,2015-04-29
CUS000664,INDIVIDUAL,2021-08-27
CUS000665,INDIVIDUAL,2014-02-07
CUS000666,INDIVIDUAL,2021-07-13
CUS000667,INDIVIDUAL,2019-06-13
CUS000668,INDIVIDUAL,2021-06-18
CUS000669,INDIVIDUAL,2022-08-25
CUS000670,INDIVIDUAL,2020-06-22
CUS000671,INDIVIDUAL,2020-11-27
CUS000672,INDIVIDUAL,2021-10-11
CUS000673,INDIVIDUAL,2022-01-11
CUS000674,INDIVIDUAL,2016-04-12
CUS000675,INDIVIDUAL,2016-06-17
CUS000676,INSTITUTION,2021-04-28
CUS000677,INDIVIDUAL,2020-09-25
CUS000678,INDIVIDUAL,2019-01-28
CUS000679,INDIVIDUAL,2018-08-08
CUS000680,INDIVIDUAL,2021-12-01
CUS000681,INDIVIDUAL,2020-07-02
CUS000682,INDIVIDUAL,2017-08-22
CUS000683,INDIVIDUAL,2014-12-29
CUS000684,INDIVIDUAL,2014-07-20
CUS000685,INDIVIDUAL,2017-12-08
CUS000686,INDIVIDUAL,2020-09-07
CUS000687,INDIVIDUAL,2020-04-27
CUS000688,INDIVIDUAL,2020-10-19
CUS000689,INDIVIDUAL,2021-08-27
CUS000690,INDIVIDUAL,2020-02-21
CUS000691,INSTITUTION,2016-01-07
CUS000692,INDIVIDUAL,2014-12-28
CUS000693,INDIVIDUAL,2021-06-02
CUS000694,INDIVIDUAL,2022-03-11
CUS000695,INDIVIDUAL,2017-01-02
CUS000696,INDIVIDUAL,2020-11-20
CUS000697,INDIVIDUAL,2021-04-26
CUS000698,INDIVIDUAL,2020-05-11
CUS000699,INDIVIDUAL,2019-06-13
CUS000700,INDIVIDUAL,2014-06-11
CUS000701,INDIVIDUAL,2021-04-09
CUS000702,INDIVIDUAL,2021-08-18
CUS000703,INDIVIDUAL,2015-10-15
CUS000704,INDIVIDUAL,2019-11-20
CUS000705,INDIVIDUAL,2014-08-14
CUS000706,INDIVIDUAL,2018-06-15
CUS000707,INDIVIDUAL,2015-10-28
CUS000708,INDIVIDUAL,2022-09-30
CUS000709,INDIVIDUAL,2019-06-18
CUS000710,INDIVIDUAL,2022-03-01
CUS000711,INDIVIDUAL,2020-01-17
CUS000712,INDIVIDUAL,2014-01-31
CUS000713,INDIVIDUAL,2020-03-26
CUS000714,INDIVIDUAL,2017-07-10
CUS000715,INDIVIDUAL,2021-03-31
CUS000716,INSTITUTION,2020-07-16
CUS000717,INDIVIDUAL,2016-09-04
CUS000718,INDIVIDUAL,2022-09-08
CUS000719,INDIVIDUAL,2015-06-28
CUS000720,INDIVIDUAL,2016-10-20
CUS000721,INDIVIDUAL,2021-12-08
CUS000722,INDIVIDUAL,2020-12-16
CUS000723,INDIVIDUAL,2016-12-17
CUS000724,INDIVIDUAL,2021-12-22
CUS000725,INDIVIDUAL,2021-10-15
CUS000726,INDIVIDUAL,2016-08-25
CUS000727,INSTITUTION,2022-01-10
CUS000728,INDIVIDUAL,2016-06-02
CUS000729,INSTITUTION,2019-03-06
CUS000730,INDIVIDUAL,2014-06-13
CUS000731,INDIVIDUAL,2021-10-19
CUS000732,INDIVIDUAL,2021-05-21
CUS000733,INDIVIDUAL,2020-03-18
CUS000734,INSTITUTION,2017-09-18
CUS000735,INDIVIDUAL,2017-12-02
CUS000736,INDIVIDUAL,2016-11-02
CUS000737,INDIVIDUAL,2017-11-30
CUS000738,INDIVIDUAL,2017-11-20
CUS000739,INDIVIDUAL,2022-03-25
CUS000740,INDIVIDUAL,2015-07-18
CUS000741,INDIVIDUAL,2017-03-11
CUS000742,INDIVIDUAL,2022-10-11
CUS000743,INDIVIDUAL,2014-05-30
CUS000744,INDIVIDUAL,2017-09-01
CUS000745,INDIVIDUAL,2022-03-30
CUS000746,INDIVIDUAL,2016-08-15
CUS000747,INDIVIDUAL,2017-03-24
CUS000748,INDIVIDUAL,2021-05-28
CUS000749,INDIVIDUAL,2020-12-02
CUS000750,INDIVIDUAL,2022-01-28
CUS000751,INDIVIDUAL,2014-05-19
CUS000752,INDIVIDUAL,2016-08-08
CUS000753,INDIVIDUAL,2016-06-07
CUS000754,INDIVIDUAL,2022-11-18
CUS000755,INDIVIDUAL,2019-02-01
CUS000756,INDIVIDUAL,2022-08-31
CUS000757,INDIVIDUAL,2017-09-22
CUS000758,INDIVIDUAL,2020-07-20
CUS000759,INDIVIDUAL,2021-07-27
CUS000760,INDIVIDUAL,2021-05-06
CUS000761,INDIVIDUAL,2022-09-08
CUS000762,INDIVIDUAL,2019-08-30
CUS000763,INDIVIDUAL,2021-08-12
CUS000764,INDIVIDUAL,2019-08-29
CUS000765,INDIVIDUAL,2021-07-09
CUS000766,INDIVIDUAL,2020-04-13
CUS000767,INDIVIDUAL,2016-05-23
CUS000768,INDIVIDUAL,2022-07-29
CUS000769,INDIVIDUAL,2021-09-01
CUS000770,INSTITUTION,2019-06-04
CUS000771,INDIVIDUAL,2022-11-01
CUS000772,INDIVIDUAL,2017-09-08
CUS000773,INDIVIDUAL,2020-08-21
CUS000774,INDIVIDUAL,2022-07-01
CUS000775,INDIVIDUAL,2016-08-16
CUS000776,INDIVIDUAL,2021-03-03
CUS000777,INDIVIDUAL,2020-11-16
CUS000778,INDIVIDUAL,2016-10-29
CUS000779,INDIVIDUAL,2021-08-11
CUS000780,INDIVIDUAL,2016-09-13
CUS000781,INDIVIDUAL,2019-10-18
CUS000782,INSTITUTION,2021-12-28
CUS000783,INDIVIDUAL,2020-11-26
CUS000784,INDIVIDUAL,2022-07-15
CUS000785,INDIVIDUAL,2021-12-28
CUS000786,INDIVIDUAL,2022-02-08
CUS000787,INDIVIDUAL,2021-12-20
CUS000788,INDIVIDUAL,2022-05-20
CUS000789,INDIVIDUAL,2014-08-06
CUS000790,INDIVIDUAL,2020-06-24
CUS000791,INDIVIDUAL,2016-10-19
CUS000792,INDIVIDUAL,2021-07-23
CUS000793,INDIVIDUAL,2014-05-16
CUS000794,INDIVIDUAL,2017-07-28
CUS000795,INDIVIDUAL,2020-03-19
CUS000796,INDIVIDUAL,2015-01-10
CUS000797,INSTITUTION,2022-07-19
CUS000798,INDIVIDUAL,2016-03-18
CUS000799,INDIVIDUAL,2019-05-16
CUS000800,INDIVIDUAL,2021-07-23
CUS000801,INDIVIDUAL,2017-11-18
CUS000802,INDIVIDUAL,2021-10-27
CUS000803,INDIVIDUAL,2021-08-19
CUS000804,INDIVIDUAL,2021-10-25
CUS000805,INDIVIDUAL,2020-08-26
CUS000806,INDIVIDUAL,2021-08-10
CUS000807,INDIVIDUAL,2019-11-13
CUS000808,INDIVIDUAL,2021-07-22
CUS000809,INDIVIDUAL,2021-10-11
CUS000810,INSTITUTION,2021-08-26
CUS000811,INDIVIDUAL,2017-09-13
CUS000812,INDIVIDUAL,2020-08-28
CUS000813,INDIVIDUAL,2020-06-02
CUS000814,INDIVIDUAL,2019-07-09
CUS000815,INDIVIDUAL,2021-09-06
CUS000816,INDIVIDUAL,2020-12-24
CUS000817,INDIVIDUAL,2014-03-28
CUS000818,INDIVIDUAL,2015-10-19
CUS000819,INDIVIDUAL,2016-01-19
CUS000820,INDIVIDUAL,2022-07-20
CUS000821,INDIVIDUAL,2014-06-27
CUS000822,INDIVIDUAL,2021-03-16
CUS000823,INDIVIDUAL,2021-03-11
CUS000824,INDIVIDUAL,2019-08-08
CUS000825,INDIVIDUAL,2021-08-17
CUS000826,INDIVIDUAL,2014-09-03
CUS000827,INDIVIDUAL,2016-08-16
CUS000828,INDIVIDUAL,2020-05-15
CUS000829,INDIVIDUAL,2020-10-27
CUS000830,INDIVIDUAL,2019-04-26
CUS000831,INDIVIDUAL,2022-10-07
CUS000832,INDIVIDUAL,2018-10-16
CUS000833,INSTITUTION,2020-12-08
CUS000834,INDIVIDUAL,2020-10-15
CUS000835,INDIVIDUAL,2021-12-14
CUS000836,INDIVIDUAL,2020-06-12
CUS000837,INDIVIDUAL,2019-10-01
CUS000838,INDIVIDUAL,2019-06-13
CUS000839,INDIVIDUAL,2021-05-18
CUS000840,INDIVIDUAL,2019-07-10
CUS000841,INDIVIDUAL,2017-10-01
CUS000842,INDIVIDUAL,2020-07-31
CUS000843,INDIVIDUAL,2021-05-19
CUS000844,INDIVIDUAL,2021-11-15
CUS000845,INSTITUTION,2020-10-27
CUS000846,INDIVIDUAL,2021-09-01
CUS000847,INDIVIDUAL,2022-04-18
CUS000848,INDIVIDUAL,2022-10-11
CUS000849,INDIVIDUAL,2020-10-14
CUS000850,INSTITUTION,2017-01-05
CUS000851,INDIVIDUAL,2019-09-06
CUS000852,INDIVIDUAL,2016-02-07
CUS000853,INDIVIDUAL,2021-02-04
CUS000854,INDIVIDUAL,2020-08-04
CUS000855,INDIVIDUAL,2014-05-29
CUS000856,INDIVIDUAL,2019-12-20
CUS000857,INDIVIDUAL,2022-08-08
CUS000858,INDIVIDUAL,2019-09-30
CUS000859,INDIVIDUAL,2015-08-13
CUS000860,INDIVIDUAL,2017-01-27
CUS000861,INDIVIDUAL,2019-03-28
CUS000862,INDIVIDUAL,2020-08-06
CUS000863,INDIVIDUAL,2021-03-19
CUS000864,INDIVIDUAL,2020-06-11
CUS000865,INDIVIDUAL,2021-10-21
CUS000866,INDIVIDUAL,2021-05-11
CUS000867,INDIVIDUAL,2020-07-22
CUS000868,INDIVIDUAL,2019-07-29
CUS000869,INDIVIDUAL,2016-11-28
CUS000870,INSTITUTION,2021-05-11
CUS000871,INDIVIDUAL,2017-04-17
CUS000872,INDIVIDUAL,2022-04-28
CUS000873,INDIVIDUAL,2020-11-16
CUS000874,INDIVIDUAL,2017-12-17
CUS000875,INDIVIDUAL,2018-05-09
CUS000876,INDIVIDUAL,2020-09-11
CUS000877,INDIVIDUAL,2020-09-23
CUS000878,INDIVIDUAL,2022-04-12
CUS000879,INDIVIDUAL,2019-07-22
CUS000880,INDIVIDUAL,2016-11-16
CUS000881,INDIVIDUAL,2020-02-24
CUS000882,INDIVIDUAL,2021-02-03
CUS000883,INDIVIDUAL,2022-01-27
CUS000884,INDIVIDUAL,2018-09-14
CUS000885,INDIVIDUAL,2021-08-04
CUS000886,INDIVIDUAL,2015-08-19
CUS000887,INDIVIDUAL,2020-07-16
CUS000888,INDIVIDUAL,2014-10-17
CUS000889,INDIVIDUAL,2019-05-08
CUS000890,INSTITUTION,2018-08-24
CUS000891,INDIVIDUAL,2020-01-10
CUS000892,INDIVIDUAL,2017-09-29
CUS000893,INDIVIDUAL,2022-09-15
CUS000894,INDIVIDUAL,2020-04-09
CUS000895,INDIVIDUAL,2014-01-28
CUS000896,INSTITUTION,2020-11-19
CUS000897,INDIVIDUAL,2021-07-27
CUS000898,INDIVIDUAL,2016-02-09
CUS000899,INSTITUTION,2022-10-27
CUS000900,INDIVIDUAL,2018-11-30
CUS000901,INDIVIDUAL,2017-12-16
CUS000902,INDIVIDUAL,2020-06-05
CUS000903,INDIVIDUAL,2022-08-23
CUS000904,INDIVIDUAL,2022-07-15
CUS000905,INDIVIDUAL,2021-09-21
CUS000906,INDIVIDUAL,2018-02-04
CUS000907,INDIVIDUAL,2017-06-25
CUS000908,INDIVIDUAL,2018-10-03
CUS000909,INDIVIDUAL,2015-12-19
CUS000910,INDIVIDUAL,2019-05-08
CUS000911,INDIVIDUAL,2021-06-24
CUS000912,INDIVIDUAL,2022-09-07
CUS000913,INDIVIDUAL,2021-05-05
CUS000914,INDIVIDUAL,2021-09-07
CUS000915,INDIVIDUAL,2019-09-27
CUS000916,INDIVIDUAL,2019-05-29
CUS000917,INDIVIDUAL,2021-01-27
CUS000918,INDIVIDUAL,2019-12-31
CUS000919,INDIVIDUAL,2019-04-19
CUS000920,INSTITUTION,2020-03-20
CUS000921,INDIVIDUAL,2021-01-29
CUS000922,INDIVIDUAL,2015-03-02
CUS000923,INDIVIDUAL,2020-07-28
CUS000924,INSTITUTION,2015-11-11
CUS000925,INDIVIDUAL,2022-10-07
CUS000926,INDIVIDUAL,2014-12-04
CUS000927,INDIVIDUAL,2017-03-04
CUS000928,INDIVIDUAL,2022-02-22
CUS000929,INSTITUTION,2017-08-05
CUS000930,INDIVIDUAL,2022-06-10
CUS000931,INDIVIDUAL,2022-09-30
CUS000932,INDIVIDUAL,2022-07-01
CUS000933,INDIVIDUAL,2019-03-08
CUS000934,INDIVIDUAL,2019-05-21
CUS000935,INDIVIDUAL,2021-01-25
CUS000936,INDIVIDUAL,2019-03-18
CUS000937,INDIVIDUAL,2017-08-25
CUS000938,INDIVIDUAL,2020-03-13
CUS000939,INDIVIDUAL,2015-03-17
CUS000940,INDIVIDUAL,2021-03-16
CUS000941,INDIVIDUAL,2022-07-28
CUS000942,INDIVIDUAL,2021-04-08
CUS000943,INDIVIDUAL,2021-12-29
CUS000944,INDIVIDUAL,2022-11-09
CUS000945,INDIVIDUAL,2020-09-22
CUS000946,INDIVIDUAL,2015-05-12
CUS000947,INDIVIDUAL,2019-04-25
CUS000948,INDIVIDUAL,2015-07-28
CUS000949,INDIVIDUAL,2022-07-08
CUS000950,INDIVIDUAL,2016-08-20
CUS000951,INDIVIDUAL,2022-08-12
CUS000952,INDIVIDUAL,2014-07-26
CUS000953,INDIVIDUAL,2021-06-18
CUS000954,INDIVIDUAL,2020-09-07
CUS000955,INDIVIDUAL,2017-08-17
CUS000956,INDIVIDUAL,2014-01-04
CUS000957,INDIVIDUAL,2022-08-25
CUS000958,INDIVIDUAL,2021-08-25
CUS000959,INDIVIDUAL,2015-12-04
CUS000960,INDIVIDUAL,2020-06-12
CUS000961,INDIVIDUAL,2020-11-25
CUS000962,INDIVIDUAL,2021-07-29
CUS000963,INDIVIDUAL,2021-08-30
CUS000964,INDIVIDUAL,2019-10-17
CUS000965,INDIVIDUAL,2022-05-05
CUS000966,INDIVIDUAL,2021-10-25
CUS000967,INSTITUTION,2018-09-08
CUS000968,INDIVIDUAL,2014-12-16
CUS000969,INDIVIDUAL,2022-02-17
CUS000970,INDIVIDUAL,2016-03-21
CUS000971,INDIVIDUAL,2022-03-18
CUS000972,INDIVIDUAL,2018-12-22
CUS000973,INDIVIDUAL,2021-05-20
CUS000974,INDIVIDUAL,2019-12-12
CUS000975,INDIVIDUAL,2021-06-22
CUS000976,INSTITUTION,2022-03-11
CUS000977,INDIVIDUAL,2021-05-06
CUS000978,INSTITUTION,2020-10-13
CUS000979,INDIVIDUAL,2020-11-25
CUS000980,INDIVIDUAL,2015-06-17
CUS000981,INSTITUTION,2016-02-05
CUS000982,INDIVIDUAL,2021-11-26
CUS000983,INDIVIDUAL,2021-02-25
CUS000984,INDIVIDUAL,2021-11-18
CUS000985,INDIVIDUAL,2015-01-24
CUS000986,INDIVIDUAL,2022-04-21
CUS000987,INDIVIDUAL,2016-08-13
CUS000988,INDIVIDUAL,2021-10-27
CUS000989,INDIVIDUAL,2021-03-17
CUS000990,INDIVIDUAL,2022-11-08
CUS000991,INDIVIDUAL,2014-04-30
CUS000992,INDIVIDUAL,2021-03-04
CUS000993,INDIVIDUAL,2021-08-24
CUS000994,INDIVIDUAL,2021-06-11
CUS000995,INDIVIDUAL,2020-12-17
CUS000996,INDIVIDUAL,2015-12-14
CUS000997,INDIVIDUAL,2014-02-28
CUS000998,INDIVIDUAL,2020-04-29
CUS000999,INDIVIDUAL,2022-07-12
CUS001000,INDIVIDUAL,2018-10-10
CUS001001,INDIVIDUAL,2021-10-27
CUS001002,INSTITUTION,2017-06-10
CUS001003,INDIVIDUAL,2021-09-28
CUS001004,INDIVIDUAL,2020-04-21
CUS001005,INDIVIDUAL,2018-09-30
CUS001006,INDIVIDUAL,2021-08-26
CUS001007,INDIVIDUAL,2021-06-25
CUS001008,INDIVIDUAL,2020-10-02
CUS001009,INDIVIDUAL,2018-03-28
CUS001010,INDIVIDUAL,2021-01-12
CUS001011,INDIVIDUAL,2022-01-06
CUS001012,INDIVIDUAL,2022-05-09
CUS001013,INDIVIDUAL,2021-06-11
CUS001014,INDIVIDUAL,2014-08-22
CUS001015,INDIVIDUAL,2022-04-15
CUS001016,INSTITUTION,2020-02-11
CUS001017,INDIVIDUAL,2021-02-09
CUS001018,INDIVIDUAL,2021-11-17
CUS001019,INDIVIDUAL,2014-02-05
CUS001020,INSTITUTION,2020-02-27
CUS001021,INDIVIDUAL,2021-11-26
CUS001022,INDIVIDUAL,2017-02-19
CUS001023,INDIVIDUAL,2019-10-15
CUS001024,INDIVIDUAL,2019-07-01
CUS001025,INDIVIDUAL,2017-03-21
CUS001026,INDIVIDUAL,2015-12-08
CUS001027,INSTITUTION,2019-08-13
CUS001028,INSTITUTION,2019-11-01
CUS001029,INDIVIDUAL,2021-02-05
CUS001030,INDIVIDUAL,2020-07-28
CUS001031,INDIVIDUAL,2020-01-15
CUS001032,INDIVIDUAL,2019-06-04
CUS001033,INDIVIDUAL,2020-10-27
CUS001034,INSTITUTION,2021-07-12
CUS001035,INDIVIDUAL,2016-12-27
CUS001036,INDIVIDUAL,2020-07-06
CUS001037,INDIVIDUAL,2021-12-13
CUS001038,INDIVIDUAL,2021-08-03
CUS001039,INDIVIDUAL,2016-03-25
CUS001040,INDIVIDUAL,2022-06-07
CUS001041,INDIVIDUAL,2022-10-21
CUS001042,INDIVIDUAL,2022-11-03
CUS001043,INDIVIDUAL,2015-11-14
CUS001044,INDIVIDUAL,2014-05-21
CUS001045,INDIVIDUAL,2022-11-15
CUS001046,INDIVIDUAL,2021-06-08
CUS001047,INDIVIDUAL,2021-05-20
CUS001048,INDIVIDUAL,2022-02-23
CUS001049,INDIVIDUAL,2016-01-27
CUS001050,INDIVIDUAL,2019-02-21
CUS001051,INDIVIDUAL,2021-04-26
CUS001052,INDIVIDUAL,2020-07-22
CUS001053,INDIVIDUAL,2018-03-24
CUS001054,INDIVIDUAL,2020-06-19
CUS001055,INDIVIDUAL,2020-02-24
CUS001056,INDIVIDUAL,2019-12-04
CUS001057,INDIVIDUAL,2022-03-23
CUS001058,INDIVIDUAL,2018-10-11
CUS001059,INDIVIDUAL,2017-04-15
CUS001060,INSTITUTION,2021-05-31
CUS001061,INDIVIDUAL,2021-09-14
CUS001062,INDIVIDUAL,2022-02-10
CUS001063,INDIVIDUAL,2021-11-16
CUS001064,INDIVIDUAL,2019-07-15
CUS001065,INDIVIDUAL,2015-02-08
CUS001066,INDIVIDUAL,2021-09-08
CUS001067,INDIVIDUAL,2022-06-02
CUS001068,INDIVIDUAL,2021-11-16
CUS001069,INDIVIDUAL,2016-07-10
CUS001070,INDIVIDUAL,2017-04-25
CUS001071,INDIVIDUAL,2014-08-28
CUS001072,INDIVIDUAL,2022-10-24
CUS001073,INDIVIDUAL,2019-01-03
CUS001074,INDIVIDUAL,2021-10-14
CUS001075,INDIVIDUAL,2020-05-21
CUS001076,INDIVIDUAL,2022-11-09
CUS001077,INDIVIDUAL,2022-07-15
CUS001078,INDIVIDUAL,2019-09-19
CUS001079,INDIVIDUAL,2021-06-07
CUS001080,INDIVIDUAL,2022-06-30
CUS001081,INDIVIDUAL,2022-06-24
CUS001082,INDIVIDUAL,2020-08-26
CUS001083,INDIVIDUAL,2021-03-15
CUS001084,INDIVIDUAL,2020-07-21
CUS001085,INDIVIDUAL,2021-02-02
CUS001086,INDIVIDUAL,2015-06-09
CUS001087,INDIVIDUAL,2019-05-03
CUS001088,INDIVIDUAL,2021-06-11
CUS001089,INDIVIDUAL,2020-10-19
CUS001090,INDIVIDUAL,2021-07-28
CUS001091,INDIVIDUAL,2020-09-17
CUS001092,INDIVIDUAL,2022-07-20
CUS001093,INDIVIDUAL,2016-04-06
CUS001094,INDIVIDUAL,2018-02-10
CUS001095,INSTITUTION,2018-12-07
CUS001096,INDIVIDUAL,2022-02-21
CUS001097,INDIVIDUAL,2021-05-05
CUS001098,INDIVIDUAL,2022-02-22
CUS001099,INDIVIDUAL,2020-03-16
CUS001100,INDIVIDUAL,2021-12-17
CUS001101,INDIVIDUAL,2022-04-14
CUS001102,INDIVIDUAL,2019-12-26
CUS001103,INDIVIDUAL,2014-10-09
CUS001104,INDIVIDUAL,2021-07-14
CUS001105,INDIVIDUAL,2020-12-29
CUS001106,INDIVIDUAL,2022-08-10
CUS001107,INDIVIDUAL,2022-09-08
CUS001108,INDIVIDUAL,2019-05-16
CUS001109,INDIVIDUAL,2016-03-07
CUS001110,INDIVIDUAL,2020-07-20
CUS001111,INDIVIDUAL,2021-05-20
CUS001112,INDIVIDUAL,2021-07-28
CUS001113,INDIVIDUAL,2022-02-09
CUS001114,INSTITUTION,2017-03-23
CUS001115,INDIVIDUAL,2014-10-23
CUS001116,INDIVIDUAL,2020-06-17
CUS001117,INDIVIDUAL,2015-09-04
CUS001118,INDIVIDUAL,2018-06-21
CUS001119,INDIVIDUAL,2014-08-28
CUS001120,INDIVIDUAL,2015-07-28
CUS001121,INDIVIDUAL,2016-11-18
CUS001122,INDIVIDUAL,2015-12-14
CUS001123,INDIVIDUAL,2018-09-06
CUS001124,INSTITUTION,2019-07-17
CUS001125,INSTITUTION,2017-11-28
CUS001126,INDIVIDUAL,2022-06-03
CUS001127,INDIVIDUAL,2019-11-15
CUS001128,INDIVIDUAL,2016-08-21
CUS001129,INDIVIDUAL,2021-07-30
CUS001130,INSTITUTION,2021-07-06
CUS001131,INDIVIDUAL,2022-02-23
CUS001132,INDIVIDUAL,2019-05-10
CUS001133,INDIVIDUAL,2021-10-19
CUS001134,INDIVIDUAL,2019-12-27
CUS001135,INDIVIDUAL,2022-04-12
CUS001136,INDIVIDUAL,2021-04-20
CUS001137,INDIVIDUAL,2020-09-18
CUS001138,INDIVIDUAL,2019-11-11
CUS001139,INDIVIDUAL,2021-07-22
CUS001140,INDIVIDUAL,2021-11-08
CUS001141,INDIVIDUAL,2022-06-27
CUS001142,INDIVIDUAL,2020-10-14
CUS001143,INDIVIDUAL,2022-01-10
CUS001144,INDIVIDUAL,2017-08-19
CUS001145,INSTITUTION,2022-03-29
CUS001146,INDIVIDUAL,2022-02-10
CUS001147,INDIVIDUAL,2014-01-18
CUS001148,INDIVIDUAL,2021-07-29
CUS001149,INDIVIDUAL,2022-01-04
CUS001150,INDIVIDUAL,2015-03-22
CUS001151,INDIVIDUAL,2020-09-25
CUS001152,INDIVIDUAL,2019-04-24
CUS001153,INDIVIDUAL,2021-12-02
CUS001154,INDIVIDUAL,2020-08-24
CUS001155,INDIVIDUAL,2021-08-20
CUS001156,INDIVIDUAL,2020-08-26
CUS001157,INDIVIDUAL,2017-07-09
CUS001158,INSTITUTION,2015-05-25
CUS001159,INDIVIDUAL,2017-01-10
CUS001160,INDIVIDUAL,2022-07-14
CUS001161,INDIVIDUAL,2022-03-03
CUS001162,INDIVIDUAL,2015-05-02
CUS001163,INDIVIDUAL,2021-12-09
CUS001164,INDIVIDUAL,2021-12-23
CUS001165,INDIVIDUAL,2021-07-08
CUS001166,INSTITUTION,2020-09-25
CUS001167,INDIVIDUAL,2014-03-02
CUS001168,INDIVIDUAL,2020-10-07
CUS001169,INDIVIDUAL,2014-04-16
CUS001170,INDIVIDUAL,2018-08-01
CUS001171,INDIVIDUAL,2022-03-25
CUS001172,INDIVIDUAL,2019-09-18
CUS001173,INDIVIDUAL,2014-07-25
CUS001174,INDIVIDUAL,2022-08-02
CUS001175,INDIVIDUAL,2021-07-28
CUS001176,INDIVIDUAL,2021-08-27
CUS001177,INDIVIDUAL,2022-05-05
CUS001178,INDIVIDUAL,2020-06-22
CUS001179,INSTITUTION,2021-06-28
CUS001180,INDIVIDUAL,2021-05-07
CUS001181,INDIVIDUAL,2021-04-23
CUS001182,INDIVIDUAL,2015-12-18
CUS001183,INDIVIDUAL,2019-01-22
CUS001184,INDIVIDUAL,2021-05-07
CUS001185,INDIVIDUAL,2022-08-15
CUS001186,INDIVIDUAL,2020-06-02
CUS001187,INDIVIDUAL,2021-08-30
CUS001188,INDIVIDUAL,2016-04-17
CUS001189,INDIVIDUAL,2019-10-22
CUS001190,INDIVIDUAL,2017-06-03
CUS001191,INDIVIDUAL,2021-08-25
CUS001192,INDIVIDUAL,2020-07-31
CUS001193,INDIVIDUAL,2020-11-18
CUS001194,INDIVIDUAL,2022-10-28
CUS001195,INDIVIDUAL,2020-07-14
CUS001196,INDIVIDUAL,2015-07-08
CUS001197,INDIVIDUAL,2022-07-06
CUS001198,INDIVIDUAL,2019-09-20
CUS001199,INDIVIDUAL,2020-07-15
CUS001200,INDIVIDUAL,2015-01-13
CUS001201,INDIVIDUAL,2019-05-06
CUS001202,INDIVIDUAL,2019-05-02
CUS001203,INSTITUTION,2019-06-13
CUS001204,INDIVIDUAL,2015-06-28
CUS001205,INDIVIDUAL,2021-08-25
CUS001206,INDIVIDUAL,2020-11-13
CUS001207,INDIVIDUAL,2022-05-26
CUS001208,INDIVIDUAL,2016-05-27
CUS001209,INDIVIDUAL,2019-11-19
CUS001210,INDIVIDUAL,2021-04-28
CUS001211,INDIVIDUAL,2020-04-13
CUS001212,INDIVIDUAL,2021-07-08
CUS001213,INDIVIDUAL,2021-04-13
CUS001214,INDIVIDUAL,2021-03-03
CUS001215,INDIVIDUAL,2021-11-26
CUS001216,INDIVIDUAL,2022-09-05
CUS001217,INDIVIDUAL,2020-10-13
CUS001218,INDIVIDUAL,2019-10-03
CUS001219,INDIVIDUAL,2020-12-22
CUS001220,INDIVIDUAL,2021-03-26
CUS001221,INDIVIDUAL,2022-01-12
CUS001222,INDIVIDUAL,2014-07-21
CUS001223,INDIVIDUAL,2020-07-29
CUS001224,INDIVIDUAL,2019-10-09
CUS001225,INDIVIDUAL,2022-02-17
CUS001226,INDIVIDUAL,2022-03-16
CUS001227,INDIVIDUAL,2015-04-28
CUS001228,INDIVIDUAL,2020-11-24
CUS001229,INDIVIDUAL,2021-11-22
CUS001230,INDIVIDUAL,2020-07-07
CUS001231,INDIVIDUAL,2014-10-24
CUS001232,INDIVIDUAL,2020-08-17
CUS001233,INDIVIDUAL,2021-05-07
CUS001234,INDIVIDUAL,2022-07-14
CUS001235,INDIVIDUAL,2020-12-01
CUS001236,INDIVIDUAL,2016-04-18
CUS001237,INDIVIDUAL,2022-03-17
CUS001238,INDIVIDUAL,2019-09-11
CUS001239,INDIVIDUAL,2021-11-03
CUS001240,INDIVIDUAL,2020-06-24
CUS001241,INDIVIDUAL,2021-12-28
CUS001242,INDIVIDUAL,2019-05-14
CUS001243,INDIVIDUAL,2014-12-15
CUS001244,INDIVIDUAL,2020-12-02
CUS001245,INDIVIDUAL,2021-10-28
CUS001246,INDIVIDUAL,2017-01-25
CUS001247,INDIVIDUAL,2019-09-12
CUS001248,INDIVIDUAL,2021-07-02
CUS001249,INDIVIDUAL,2021-01-27
CUS001250,INDIVIDUAL,2020-07-14
CUS001251,INDIVIDUAL,2021-05-10
CUS001252,INDIVIDUAL,2020-08-11
CUS001253,INDIVIDUAL,2020-09-22
CUS001254,INDIVIDUAL,2018-04-24
CUS001255,INDIVIDUAL,2014-11-23
CUS001256,INDIVIDUAL,2021-03-09
CUS001257,INDIVIDUAL,2018-05-08
CUS001258,INDIVIDUAL,2021-06-08
CUS001259,INDIVIDUAL,2016-03-29
CUS001260,INDIVIDUAL,2022-06-13
CUS001261,INDIVIDUAL,2020-08-07
CUS001262,INDIVIDUAL,2022-11-11
CUS001263,INDIVIDUAL,2018-02-02
CUS001264,INDIVIDUAL,2022-11-09
CUS001265,INDIVIDUAL,2020-01-06
CUS001266,INDIVIDUAL,2020-06-12
CUS001267,INSTITUTION,2022-01-07
CUS001268,INDIVIDUAL,2020-07-29
CUS001269,INSTITUTION,2016-10-14
CUS001270,INDIVIDUAL,2021-08-06
CUS001271,INDIVIDUAL,2020-12-10
CUS001272,INDIVIDUAL,2019-12-10
CUS001273,INDIVIDUAL,2019-03-18
CUS001274,INDIVIDUAL,2020-09-30
CUS001275,INDIVIDUAL,2019-05-24
CUS001276,INDIVIDUAL,2016-09-08
CUS001277,INDIVIDUAL,2020-06-11
CUS001278,INDIVIDUAL,2021-07-30
CUS001279,INDIVIDUAL,2016-04-21
CUS001280,INDIVIDUAL,2019-07-04
CUS001281,INDIVIDUAL,2018-06-26
CUS001282,INDIVIDUAL,2018-06-11
CUS001283,INDIVIDUAL,2017-12-10
CUS001284,INDIVIDUAL,2018-09-13
CUS001285,INDIVIDUAL,2019-02-21
CUS001286,INDIVIDUAL,2022-03-10
CUS001287,INDIVIDUAL,2020-12-03
CUS001288,INDIVIDUAL,2020-03-11
CUS001289,INDIVIDUAL,2021-05-21
CUS001290,INDIVIDUAL,2019-04-18
CUS001291,INDIVIDUAL,2015-12-22
CUS001292,INDIVIDUAL,2019-08-29
CUS001293,INDIVIDUAL,2022-10-10
CUS001294,INDIVIDUAL,2022-08-17
CUS001295,INDIVIDUAL,2019-12-16
CUS001296,INDIVIDUAL,2022-09-19
CUS001297,INDIVIDUAL,2020-10-05
CUS001298,INDIVIDUAL,2017-08-20
CUS001299,INDIVIDUAL,2018-08-07
CUS001300,INDIVIDUAL,2020-04-09
CUS001301,INDIVIDUAL,2020-11-11
CUS001302,INDIVIDUAL,2020-09-08
CUS001303,INSTITUTION,2020-09-09
CUS001304,INDIVIDUAL,2015-01-14
CUS001305,INDIVIDUAL,2019-07-26
CUS001306,INDIVIDUAL,2019-03-08
CUS001307,INDIVIDUAL,2015-08-05
CUS001308,INSTITUTION,2019-07-08
CUS001309,INDIVIDUAL,2020-11-19
CUS001310,INSTITUTION,2022-05-17
CUS001311,INDIVIDUAL,2020-10-20
CUS001312,INDIVIDUAL,2014-02-17
CUS001313,INDIVIDUAL,2021-06-03
CUS001314,INDIVIDUAL,2021-05-24
CUS001315,INDIVIDUAL,2021-07-08
CUS001316,INDIVIDUAL,2020-08-10
CUS001317,INDIVIDUAL,2019-10-11
CUS001318,INDIVIDUAL,2014-08-08
CUS001319,INSTITUTION,2020-06-26
CUS001320,INDIVIDUAL,2017-12-18
CUS001321,INDIVIDUAL,2021-12-21
CUS001322,INDIVIDUAL,2017-06-27
CUS001323,INDIVIDUAL,2017-06-05
CUS001324,INDIVIDUAL,2020-02-28
CUS001325,INDIVIDUAL,2017-07-24
CUS001326,INDIVIDUAL,2020-06-12
CUS001327,INDIVIDUAL,2021-08-20
CUS001328,INDIVIDUAL,2014-10-01
CUS001329,INDIVIDUAL,2014-03-03
CUS001330,INDIVIDUAL,2016-03-09
CUS001331,INDIVIDUAL,2022-05-27
CUS001332,INDIVIDUAL,2019-11-20
CUS001333,INDIVIDUAL,2019-03-06
CUS001334,INDIVIDUAL,2021-06-15
CUS001335,INDIVIDUAL,2019-01-11
CUS001336,INDIVIDUAL,2018-06-22
CUS001337,INDIVIDUAL,2019-02-20
CUS001338,INDIVIDUAL,2020-06-24
CUS001339,INDIVIDUAL,2020-12-09
CUS001340,INDIVIDUAL,2020-02-05
CUS001341,INSTITUTION,2019-08-13
CUS001342,INDIVIDUAL,2021-09-14
CUS001343,INDIVIDUAL,2022-10-26
CUS001344,INDIVIDUAL,2020-06-29
CUS001345,INDIVIDUAL,2021-02-09
CUS001346,INDIVIDUAL,2017-12-02
CUS001347,INSTITUTION,2021-02-08
CUS001348,INDIVIDUAL,2021-11-25
CUS001349,INDIVIDUAL,2021-03-03
CUS001350,INDIVIDUAL,2019-02-27
CUS001351,INDIVIDUAL,2017-10-21
CUS001352,INDIVIDUAL,2021-03-05
CUS001353,INDIVIDUAL,2022-06-23
CUS001354,INDIVIDUAL,2022-09-09
CUS001355,INDIVIDUAL,2021-08-11
CUS001356,INDIVIDUAL,2021-02-08
CUS001357,INDIVIDUAL,2019-11-14
CUS001358,INDIVIDUAL,2019-11-28
CUS001359,INDIVIDUAL,2015-11-12
CUS001360,INDIVIDUAL,2020-08-05
CUS001361,INDIVIDUAL,2020-12-24
CUS001362,INDIVIDUAL,2020-11-18
CUS001363,INDIVIDUAL,2018-03-24
CUS001364,INDIVIDUAL,2018-05-07
CUS001365,INDIVIDUAL,2019-06-27
CUS001366,INDIVIDUAL,2019-11-27
CUS001367,INDIVIDUAL,2014-07-22
CUS001368,INDIVIDUAL,2021-08-10
CUS001369,INDIVIDUAL,2022-08-11
CUS001370,INDIVIDUAL,2017-12-19
CUS001371,INDIVIDUAL,2020-03-19
CUS001372,INSTITUTION,2021-05-13
CUS001373,INDIVIDUAL,2021-08-17
CUS001374,INDIVIDUAL,2021-07-21
CUS001375,INDIVIDUAL,2021-10-15
CUS001376,INDIVIDUAL,2021-04-02
CUS001377,INDIVIDUAL,2019-10-14
CUS001378,INDIVIDUAL,2019-06-27
CUS001379,INDIVIDUAL,2021-11-12
CUS001380,INDIVIDUAL,2017-01-22
CUS001381,INDIVIDUAL,2021-06-28
CUS001382,INDIVIDUAL,2020-09-04
CUS001383,INDIVIDUAL,2021-06-02
CUS001384,INDIVIDUAL,2018-08-30
CUS001385,INDIVIDUAL,2014-07-15
CUS001386,INDIVIDUAL,2021-12-21
CUS001387,INDIVIDUAL,2018-02-06
CUS001388,INDIVIDUAL,2017-11-17
CUS001389,INSTITUTION,2020-09-08
CUS001390,INDIVIDUAL,2018-10-25
CUS001391,INDIVIDUAL,2021-08-16
CUS001392,INDIVIDUAL,2015-11-25
CUS001393,INDIVIDUAL,2021-10-27
CUS001394,INDIVIDUAL,2014-01-13
CUS001395,INDIVIDUAL,2021-08-13
CUS001396,INDIVIDUAL,2016-01-26
CUS001397,INSTITUTION,2015-05-26
CUS001398,INSTITUTION,2019-01-31
CUS001399,INDIVIDUAL,2020-09-28
CUS001400,INDIVIDUAL,2020-12-21
CUS001401,INDIVIDUAL,2014-02-19
CUS001402,INDIVIDUAL,2017-03-03
CUS001403,INDIVIDUAL,2016-12-02
CUS001404,INDIVIDUAL,2021-04-01
CUS001405,INDIVIDUAL,2021-10-18
CUS001406,INDIVIDUAL,2021-02-26
CUS001407,INDIVIDUAL,2015-08-08
CUS001408,INDIVIDUAL,2019-01-28
CUS001409,INDIVIDUAL,2014-10-24
CUS001410,INDIVIDUAL,2021-09-13
CUS001411,INDIVIDUAL,2018-09-22
CUS001412,INDIVIDUAL,2022-02-08
CUS001413,INDIVIDUAL,2016-03-29
CUS001414,INDIVIDUAL,2018-02-15
CUS001415,INDIVIDUAL,2020-11-06
CUS001416,INDIVIDUAL,2016-01-20
CUS001417,INDIVIDUAL,2021-06-09
CUS001418,INDIVIDUAL,2017-11-30
CUS001419,INSTITUTION,2022-03-31
CUS001420,INDIVIDUAL,2017-03-06
CUS001421,INDIVIDUAL,2017-11-05
CUS001422,INDIVIDUAL,2016-04-18
CUS001423,INDIVIDUAL,2018-10-31
CUS001424,INDIVIDUAL,2015-08-15
CUS001425,INDIVIDUAL,2019-08-09
CUS001426,INDIVIDUAL,2015-07-08
CUS001427,INDIVIDUAL,2014-01-24
CUS001428,INDIVIDUAL,2017-06-27
CUS001429,INDIVIDUAL,2020-09-24
CUS001430,INDIVIDUAL,2017-02-19
CUS001431,INDIVIDUAL,2022-06-13
CUS001432,INDIVIDUAL,2019-05-24
CUS001433,INDIVIDUAL,2021-06-24
CUS001434,INDIVIDUAL,2021-04-08
CUS001435,INDIVIDUAL,2017-05-31
CUS001436,INDIVIDUAL,2020-08-10
CUS001437,INDIVIDUAL,2020-05-12
CUS001438,INDIVIDUAL,2019-05-07
CUS001439,INDIVIDUAL,2020-12-21
CUS001440,INSTITUTION,2016-02-12
CUS001441,INDIVIDUAL,2014-09-28
CUS001442,INDIVIDUAL,2019-07-05
CUS001443,INDIVIDUAL,2021-07-05
CUS001444,INDIVIDUAL,2022-03-30
CUS001445,INDIVIDUAL,2019-07-04
CUS001446,INDIVIDUAL,2021-04-07
CUS001447,INDIVIDUAL,2020-06-10
CUS001448,INDIVIDUAL,2019-05-02
CUS001449,INDIVIDUAL,2019-09-16
CUS001450,INDIVIDUAL,2015-08-03
CUS001451,INDIVIDUAL,2021-01-08
CUS001452,INSTITUTION,2021-09-15
CUS001453,INDIVIDUAL,2021-03-03
CUS001454,INDIVIDUAL,2021-04-06
CUS001455,INDIVIDUAL,2021-01-22
CUS001456,INSTITUTION,2020-03-03
CUS001457,INDIVIDUAL,2015-09-08
CUS001458,INDIVIDUAL,2020-10-12
CUS001459,INDIVIDUAL,2019-04-05
CUS001460,INDIVIDUAL,2020-06-16
CUS001461,INDIVIDUAL,2020-06-08
CUS001462,INDIVIDUAL,2015-07-20
CUS001463,INDIVIDUAL,2020-12-08
CUS001464,INDIVIDUAL,2021-02-05
CUS001465,INDIVIDUAL,2018-09-09
CUS001466,INDIVIDUAL,2021-03-31
CUS001467,INDIVIDUAL,2016-05-07
CUS001468,INDIVIDUAL,2019-08-26
CUS001469,INDIVIDUAL,2022-10-13
CUS001470,INSTITUTION,2017-07-19
CUS001471,INDIVIDUAL,2022-04-25
CUS001472,INDIVIDUAL,2014-09-27
CUS001473,INDIVIDUAL,2021-03-18
CUS001474,INDIVIDUAL,2020-02-26
CUS001475,INDIVIDUAL,2021-12-03
CUS001476,INDIVIDUAL,2021-12-23
CUS001477,INDIVIDUAL,2020-02-21
CUS001478,INDIVIDUAL,2018-12-17
CUS001479,INDIVIDUAL,2019-04-22
CUS001480,INDIVIDUAL,2021-12-24
CUS001481,INDIVIDUAL,2022-06-29
CUS001482,INDIVIDUAL,2022-11-16
CUS001483,INDIVIDUAL,2022-08-16
CUS001484,INDIVIDUAL,2021-05-21
CUS001485,INDIVIDUAL,2020-08-10
CUS001486,INDIVIDUAL,2018-10-30
CUS001487,INDIVIDUAL,2021-03-08
CUS001488,INSTITUTION,2017-01-01
CUS001489,INDIVIDUAL,2021-10-08
CUS001490,INDIVIDUAL,2019-03-18
CUS001491,INDIVIDUAL,2020-10-26
CUS001492,INDIVIDUAL,2019-06-03
CUS001493,INDIVIDUAL,2015-08-27
CUS001494,INDIVIDUAL,2016-08-24
CUS001495,INDIVIDUAL,2020-04-24
CUS001496,INDIVIDUAL,2022-08-09
CUS001497,INSTITUTION,2019-01-25
CUS001498,INDIVIDUAL,2022-04-12
CUS001499,INSTITUTION,2020-04-24
CUS001500,INDIVIDUAL,2021-08-30
CUS001501,INDIVIDUAL,2014-06-26
CUS001502,INDIVIDUAL,2020-11-27
CUS001503,INDIVIDUAL,2021-11-05
CUS001504,INDIVIDUAL,2022-07-08
CUS001505,INDIVIDUAL,2019-11-21
CUS001506,INDIVIDUAL,2014-11-03
CUS001507,INDIVIDUAL,2019-06-21
CUS001508,INDIVIDUAL,2018-04-16
CUS001509,INDIVIDUAL,2021-01-07
CUS001510,INDIVIDUAL,2022-01-10
CUS001511,INDIVIDUAL,2016-10-29
CUS001512,INDIVIDUAL,2021-07-08
CUS001513,INDIVIDUAL,2020-10-19
CUS001514,INDIVIDUAL,2020-01-10
CUS001515,INDIVIDUAL,2018-10-02
CUS001516,INDIVIDUAL,2016-01-15
CUS001517,INDIVIDUAL,2020-04-07
CUS001518,INDIVIDUAL,2016-02-26
CUS001519,INDIVIDUAL,2021-07-21
CUS001520,INDIVIDUAL,2022-09-30
CUS001521,INDIVIDUAL,2021-03-30
CUS001522,INDIVIDUAL,2021-01-15
CUS001523,INDIVIDUAL,2020-02-06
CUS001524,INDIVIDUAL,2015-07-07
CUS001525,INDIVIDUAL,2014-12-27
CUS001526,INDIVIDUAL,2016-05-10
CUS001527,INDIVIDUAL,2022-07-08
CUS001528,INSTITUTION,2021-05-07
CUS001529,INDIVIDUAL,2022-10-13
CUS001530,INDIVIDUAL,2019-06-05
CUS001531,INSTITUTION,2016-09-11
CUS001532,INDIVIDUAL,2020-03-26
CUS001533,INDIVIDUAL,2018-06-17
CUS001534,INDIVIDUAL,2016-03-05
CUS001535,INSTITUTION,2014-05-06
CUS001536,INDIVIDUAL,2015-01-05
CUS001537,INDIVIDUAL,2016-10-02
CUS001538,INDIVIDUAL,2014-03-09
CUS001539,INDIVIDUAL,2021-08-30
CUS001540,INSTITUTION,2015-10-02
CUS001541,INSTITUTION,2021-05-05
CUS001542,INDIVIDUAL,2019-05-06
CUS001543,INDIVIDUAL,2021-01-22
CUS001544,INDIVIDUAL,2019-09-19
CUS001545,INDIVIDUAL,2020-05-28
CUS001546,INDIVIDUAL,2022-04-15
CUS001547,INDIVIDUAL,2020-04-10
CUS001548,INDIVIDUAL,2022-06-02
CUS001549,INDIVIDUAL,2021-01-15
CUS001550,INDIVIDUAL,2014-12-15
CUS001551,INDIVIDUAL,2021-12-10
CUS001552,INSTITUTION,2017-01-15
CUS001553,INDIVIDUAL,2019-08-27
CUS001554,INDIVIDUAL,2020-05-08
CUS001555,INDIVIDUAL,2019-06-10
CUS001556,INDIVIDUAL,2020-06-12
CUS001557,INDIVIDUAL,2022-09-08
CUS001558,INDIVIDUAL,2020-12-10
CUS001559,INDIVIDUAL,2021-09-14
CUS001560,INDIVIDUAL,2022-08-15
CUS001561,INDIVIDUAL,2021-11-18
CUS001562,INDIVIDUAL,2022-07-07
CUS001563,INDIVIDUAL,2020-12-24
CUS001564,INDIVIDUAL,2021-06-03
CUS001565,INDIVIDUAL,2021-04-19
CUS001566,INDIVIDUAL,2022-06-07
CUS001567,INDIVIDUAL,2016-02-06
CUS001568,INDIVIDUAL,2017-10-12
CUS001569,INDIVIDUAL,2022-03-02
CUS001570,INDIVIDUAL,2021-05-17
CUS001571,INDIVIDUAL,2021-07-05
CUS001572,INDIVIDUAL,2022-09-06
CUS001573,INDIVIDUAL,2022-08-15
CUS001574,INSTITUTION,2016-04-28
CUS001575,INDIVIDUAL,2021-11-30
CUS001576,INDIVIDUAL,2020-12-16
CUS001577,INDIVIDUAL,2020-03-31
CUS001578,INDIVIDUAL,2020-05-12
CUS001579,INDIVIDUAL,2014-12-06
CUS001580,INDIVIDUAL,2021-03-29
CUS001581,INDIVIDUAL,2021-02-17
CUS001582,INSTITUTION,2014-04-22
CUS001583,INDIVIDUAL,2019-07-02
CUS001584,INDIVIDUAL,2020-10-05
CUS001585,INDIVIDUAL,2021-11-26
CUS001586,INDIVIDUAL,2017-08-14
CUS001587,INDIVIDUAL,2020-10-06
CUS001588,INDIVIDUAL,2015-01-12
CUS001589,INDIVIDUAL,2019-11-20
CUS001590,INDIVIDUAL,2021-06-25
CUS001591,INDIVIDUAL,2022-06-13
CUS001592,INDIVIDUAL,2014-09-21
CUS001593,INDIVIDUAL,2020-07-03
CUS001594,INDIVIDUAL,2021-03-02
CUS001595,INDIVIDUAL,2021-08-04
CUS001596,INDIVIDUAL,2022-11-15
CUS001597,INDIVIDUAL,2020-09-14
CUS001598,INDIVIDUAL,2020-11-06
CUS001599,INDIVIDUAL,2021-02-01
CUS001600,INDIVIDUAL,2015-05-05
CUS001601,INDIVIDUAL,2020-06-17
CUS001602,INDIVIDUAL,2021-01-14
CUS001603,INSTITUTION,2022-04-22
CUS001604,INDIVIDUAL,2022-08-15
CUS001605,INDIVIDUAL,2018-05-29
CUS001606,INSTITUTION,2022-06-07
CUS001607,INDIVIDUAL,2020-12-16
CUS001608,INDIVIDUAL,2018-10-15
CUS001609,INDIVIDUAL,2019-12-24
CUS001610,INDIVIDUAL,2021-01-07
CUS001611,INSTITUTION,2020-05-05
CUS001612,INDIVIDUAL,2022-03-18
CUS001613,INDIVIDUAL,2020-03-09
CUS001614,INDIVIDUAL,2014-04-09
CUS001615,INDIVIDUAL,2020-11-25
CUS001616,INDIVIDUAL,2018-12-23
CUS001617,INDIVIDUAL,2021-12-17
CUS001618,INDIVIDUAL,2017-10-14
CUS001619,INSTITUTION,2021-01-21
CUS001620,INDIVIDUAL,2017-02-06
CUS001621,INDIVIDUAL,2022-07-01
CUS001622,INDIVIDUAL,2020-04-20
CUS001623,INDIVIDUAL,2016-07-21
CUS001624,INDIVIDUAL,2021-05-14
CUS001625,INDIVIDUAL,2020-10-01
CUS001626,INDIVIDUAL,2014-03-07
CUS001627,INDIVIDUAL,2019-10-25
CUS001628,INDIVIDUAL,2021-07-07
CUS001629,INDIVIDUAL,2020-10-22
CUS001630,INDIVIDUAL,2016-02-18
CUS001631,INDIVIDUAL,2021-09-10
CUS001632,INSTITUTION,2021-01-29
CUS001633,INDIVIDUAL,2021-06-15
CUS001634,INDIVIDUAL,2021-06-02
CUS001635,INDIVIDUAL,2022-02-24
CUS001636,INDIVIDUAL,2019-06-10
CUS001637,INDIVIDUAL,2020-06-10
CUS001638,INDIVIDUAL,2019-07-26
CUS001639,INSTITUTION,2020-08-31
CUS001640,INDIVIDUAL,2022-07-01
CUS001641,INDIVIDUAL,2021-07-29
CUS001642,INDIVIDUAL,2022-03-23
CUS001643,INDIVIDUAL,2020-09-24
CUS001644,INDIVIDUAL,2020-09-28
CUS001645,INDIVIDUAL,2021-11-25
CUS001646,INDIVIDUAL,2021-11-02
CUS001647,INDIVIDUAL,2020-12-01
CUS001648,INDIVIDUAL,2021-12-20
CUS001649,INDIVIDUAL,2022-05-20
CUS001650,INDIVIDUAL,2020-04-17
CUS001651,INSTITUTION,2017-03-06
CUS001652,INDIVIDUAL,2021-07-05
CUS001653,INDIVIDUAL,2020-08-21
CUS001654,INDIVIDUAL,2016-11-17
CUS001655,INDIVIDUAL,2022-03-22
CUS001656,INDIVIDUAL,2019-08-09
CUS001657,INDIVIDUAL,2014-07-03
CUS001658,INDIVIDUAL,2021-01-05
CUS001659,INSTITUTION,2019-04-24
CUS001660,INDIVIDUAL,2020-06-15
CUS001661,INDIVIDUAL,2018-02-07
CUS001662,INDIVIDUAL,2018-05-04
CUS001663,INDIVIDUAL,2020-11-13
CUS001664,INDIVIDUAL,2019-03-05
CUS001665,INDIVIDUAL,2021-11-01
CUS001666,INDIVIDUAL,2021-11-23
CUS001667,INDIVIDUAL,2022-03-02
CUS001668,INDIVIDUAL,2021-03-23
CUS001669,INDIVIDUAL,2018-08-20
CUS001670,INDIVIDUAL,2020-09-09
CUS001671,INDIVIDUAL,2018-10-21
CUS001672,INDIVIDUAL,2020-06-30
CUS001673,INDIVIDUAL,2018-12-05
CUS001674,INDIVIDUAL,2022-06-15
CUS001675,INDIVIDUAL,2016-03-14
CUS001676,INDIVIDUAL,2018-01-07
CUS001677,INDIVIDUAL,2021-02-25
CUS001678,INDIVIDUAL,2019-06-28
CUS001679,INDIVIDUAL,2015-05-14
CUS001680,INDIVIDUAL,2019-07-02
CUS001681,INDIVIDUAL,2020-07-22
CUS001682,INDIVIDUAL,2021-09-21
CUS001683,INDIVIDUAL,2020-06-10
CUS001684,INDIVIDUAL,2020-11-02
CUS001685,INDIVIDUAL,2021-04-13
CUS001686,INDIVIDUAL,2018-07-22
CUS001687,INDIVIDUAL,2015-06-25
CUS001688,INDIVIDUAL,2021-08-12
CUS001689,INDIVIDUAL,2015-04-24
CUS001690,INDIVIDUAL,2021-08-06
CUS001691,INSTITUTION,2021-06-23
CUS001692,INDIVIDUAL,2021-01-05
CUS001693,INDIVIDUAL,2016-08-11
CUS001694,INDIVIDUAL,2017-06-02
CUS001695,INDIVIDUAL,2022-03-16
CUS001696,INDIVIDUAL,2021-09-08
CUS001697,INDIVIDUAL,2019-10-22
CUS001698,INDIVIDUAL,2016-06-26
CUS001699,INDIVIDUAL,2021-07-06
CUS001700,INDIVIDUAL,2021-09-09
CUS001701,INDIVIDUAL,2019-05-27
CUS001702,INDIVIDUAL,2016-09-16
CUS001703,INDIVIDUAL,2021-09-22
CUS001704,INDIVIDUAL,2020-10-29
CUS001705,INSTITUTION,2022-02-25
CUS001706,INDIVIDUAL,2022-09-05
CUS001707,INSTITUTION,2014-10-23
CUS001708,INDIVIDUAL,2022-09-16
CUS001709,INDIVIDUAL,2022-02-09
CUS001710,INDIVIDUAL,2020-08-31
CUS001711,INDIVIDUAL,2022-03-30
CUS001712,INDIVIDUAL,2020-09-04
CUS001713,INDIVIDUAL,2022-08-31
CUS001714,INDIVIDUAL,2015-10-20
CUS001715,INSTITUTION,2016-10-06
CUS001716,INDIVIDUAL,2015-12-16
CUS001717,INDIVIDUAL,2018-03-29
CUS001718,INDIVIDUAL,2017-06-27
CUS001719,INDIVIDUAL,2021-08-24
CUS001720,INDIVIDUAL,2019-12-03
CUS001721,INDIVIDUAL,2022-06-28
CUS001722,INDIVIDUAL,2021-10-04
CUS001723,INDIVIDUAL,2021-08-10
CUS001724,INDIVIDUAL,2015-06-30
CUS001725,INDIVIDUAL,2022-11-01
CUS001726,INDIVIDUAL,2021-03-05
CUS001727,INDIVIDUAL,2022-04-12
CUS001728,INSTITUTION,2021-03-26
CUS001729,INDIVIDUAL,2022-10-20
CUS001730,INDIVIDUAL,2020-07-30
CUS001731,INDIVIDUAL,2014-08-12
CUS001732,INDIVIDUAL,2022-06-02
CUS001733,INDIVIDUAL,2022-06-15
CUS001734,INDIVIDUAL,2019-06-28
CUS001735,INDIVIDUAL,2021-11-18
CUS001736,INDIVIDUAL,2019-06-06
CUS001737,INSTITUTION,2022-04-20
CUS001738,INDIVIDUAL,2017-12-27
CUS001739,INDIVIDUAL,2020-12-24
CUS001740,INDIVIDUAL,2020-10-30
CUS001741,INDIVIDUAL,2019-02-22
CUS001742,INDIVIDUAL,2017-06-11
CUS001743,INDIVIDUAL,2019-09-16
CUS001744,INDIVIDUAL,2019-12-27
CUS001745,INDIVIDUAL,2020-06-12
CUS001746,INDIVIDUAL,2021-12-14
CUS001747,INDIVIDUAL,2021-06-23
CUS001748,INDIVIDUAL,2016-06-20
CUS001749,INDIVIDUAL,2021-01-27
CUS001750,INDIVIDUAL,2019-07-24
CUS001751,INDIVIDUAL,2017-06-14
CUS001752,INDIVIDUAL,2022-06-17
CUS001753,INDIVIDUAL,2015-01-09
CUS001754,INDIVIDUAL,2021-09-28
CUS001755,INDIVIDUAL,2016-01-16
CUS001756,INDIVIDUAL,2020-04-14
CUS001757,INDIVIDUAL,2021-08-11
CUS001758,INDIVIDUAL,2021-04-14
CUS001759,INDIVIDUAL,2014-08-05
CUS001760,INDIVIDUAL,2019-10-17
CUS001761,INDIVIDUAL,2015-01-09
CUS001762,INDIVIDUAL,2019-07-09
CUS001763,INDIVIDUAL,2022-04-05
CUS001764,INDIVIDUAL,2021-02-23
CUS001765,INDIVIDUAL,2016-10-01
CUS001766,INDIVIDUAL,2020-07-24
CUS001767,INDIVIDUAL,2019-03-08
CUS001768,INDIVIDUAL,2019-04-17
CUS001769,INDIVIDUAL,2021-10-13
CUS001770,INSTITUTION,2020-02-05
CUS001771,INDIVIDUAL,2021-11-16
CUS001772,INDIVIDUAL,2020-08-21
CUS001773,INDIVIDUAL,2021-11-18
CUS001774,INDIVIDUAL,2021-12-13
CUS001775,INDIVIDUAL,2021-02-04
CUS001776,INSTITUTION,2021-11-26
CUS001777,INDIVIDUAL,2014-02-15
CUS001778,INDIVIDUAL,2022-01-21
CUS001779,INDIVIDUAL,2021-10-26
CUS001780,INDIVIDUAL,2021-12-06
CUS001781,INDIVIDUAL,2019-01-14
CUS001782,INDIVIDUAL,2020-05-15
CUS001783,INDIVIDUAL,2016-08-21
CUS001784,INDIVIDUAL,2021-04-05
CUS001785,INDIVIDUAL,2020-08-21
CUS001786,INDIVIDUAL,2017-05-18
CUS001787,INDIVIDUAL,2018-05-24
CUS001788,INDIVIDUAL,2021-05-21
CUS001789,INDIVIDUAL,2021-08-11
CUS001790,INDIVIDUAL,2015-09-23
CUS001791,INDIVIDUAL,2022-01-27
CUS001792,INDIVIDUAL,2020-06-19
CUS001793,INDIVIDUAL,2021-12-22
CUS001794,INDIVIDUAL,2021-09-17
CUS001795,INDIVIDUAL,2016-06-23
CUS001796,INDIVIDUAL,2019-08-21
CUS001797,INDIVIDUAL,2020-07-01
CUS001798,INDIVIDUAL,2021-11-17
CUS001799,INDIVIDUAL,2017-12-20
CUS001800,INDIVIDUAL,2015-06-30
CUS001801,INDIVIDUAL,2020-05-28
CUS001802,INDIVIDUAL,2020-06-15
CUS001803,INDIVIDUAL,2018-05-11
CUS001804,INDIVIDUAL,2020-11-27
CUS001805,INDIVIDUAL,2016-07-18
CUS001806,INDIVIDUAL,2014-04-02
CUS001807,INDIVIDUAL,2019-02-28
CUS001808,INSTITUTION,2021-08-11
CUS001809,INDIVIDUAL,2014-11-08
CUS001810,INDIVIDUAL,2020-02-27
CUS001811,INDIVIDUAL,2018-01-18
CUS001812,INDIVIDUAL,2021-03-16
CUS001813,INDIVIDUAL,2019-04-16
CUS001814,INSTITUTION,2021-02-01
CUS001815,INDIVIDUAL,2021-03-03
CUS001816,INDIVIDUAL,2019-05-21
CUS001817,INDIVIDUAL,2022-06-21
CUS001818,INDIVIDUAL,2021-11-24
CUS001819,INDIVIDUAL,2019-08-08
CUS001820,INDIVIDUAL,2017-07-04
CUS001821,INDIVIDUAL,2022-03-24
CUS001822,INDIVIDUAL,2020-07-31
CUS001823,INSTITUTION,2022-10-13
CUS001824,INDIVIDUAL,2019-03-28
CUS001825,INDIVIDUAL,2022-05-12
CUS001826,INDIVIDUAL,2019-05-09
CUS001827,INDIVIDUAL,2016-04-25
CUS001828,INDIVIDUAL,2019-07-19
CUS001829,INDIVIDUAL,2022-07-07
CUS001830,INDIVIDUAL,2019-08-07
CUS001831,INDIVIDUAL,2015-04-02
CUS001832,INDIVIDUAL,2018-07-25
CUS001833,INDIVIDUAL,2021-12-15
CUS001834,INSTITUTION,2020-12-15
CUS001835,INSTITUTION,2015-03-10
CUS001836,INDIVIDUAL,2021-06-02
CUS001837,INDIVIDUAL,2020-07-10
CUS001838,INDIVIDUAL,2022-05-10
CUS001839,INDIVIDUAL,2021-06-21
CUS001840,INDIVIDUAL,2019-08-07
CUS001841,INDIVIDUAL,2021-05-11
CUS001842,INDIVIDUAL,2017-07-22
CUS001843,INDIVIDUAL,2021-11-10
CUS001844,INDIVIDUAL,2022-07-08
CUS001845,INDIVIDUAL,2021-09-10
CUS001846,INDIVIDUAL,2020-10-13
CUS001847,INDIVIDUAL,2022-04-19
CUS001848,INDIVIDUAL,2021-01-14
CUS001849,INDIVIDUAL,2016-07-25
CUS001850,INDIVIDUAL,2022-07-19
CUS001851,INSTITUTION,2015-05-29
CUS001852,INDIVIDUAL,2020-08-06
CUS001853,INSTITUTION,2022-01-11
CUS001854,INDIVIDUAL,2020-05-04
CUS001855,INDIVIDUAL,2021-03-29
CUS001856,INDIVIDUAL,2022-07-01
CUS001857,INDIVIDUAL,2022-09-15
CUS001858,INDIVIDUAL,2022-08-01
CUS001859,INDIVIDUAL,2022-03-17
CUS001860,INDIVIDUAL,2020-05-21
CUS001861,INDIVIDUAL,2021-11-11
CUS001862,INDIVIDUAL,2019-01-15
CUS001863,INDIVIDUAL,2020-02-28
CUS001864,INDIVIDUAL,2014-07-24
CUS001865,INDIVIDUAL,2022-04-14
CUS001866,INSTITUTION,2020-08-25
CUS001867,INDIVIDUAL,2020-06-15
CUS001868,INDIVIDUAL,2018-12-14
CUS001869,INDIVIDUAL,2017-07-01
CUS001870,INDIVIDUAL,2021-10-08
CUS001871,INDIVIDUAL,2014-11-27
CUS001872,INDIVIDUAL,2022-02-11
CUS001873,INDIVIDUAL,2020-09-30
CUS001874,INDIVIDUAL,2016-02-17
CUS001875,INDIVIDUAL,2022-01-13
CUS001876,INDIVIDUAL,2018-08-04
CUS001877,INDIVIDUAL,2018-07-22
CUS001878,INDIVIDUAL,2015-11-06
CUS001879,INDIVIDUAL,2021-03-17
CUS001880,INDIVIDUAL,2021-07-08
CUS001881,INDIVIDUAL,2020-05-06
CUS001882,INDIVIDUAL,2019-12-05
CUS001883,INDIVIDUAL,2020-11-27
CUS001884,INDIVIDUAL,2017-11-12
CUS001885,INDIVIDUAL,2018-06-22
CUS001886,INDIVIDUAL,2019-01-10
CUS001887,INDIVIDUAL,2022-08-15
CUS001888,INDIVIDUAL,2022-01-07
CUS001889,INDIVIDUAL,2020-02-17
CUS001890,INDIVIDUAL,2017-10-27
CUS001891,INDIVIDUAL,2015-07-08
CUS001892,INDIVIDUAL,2021-03-03
CUS001893,INDIVIDUAL,2015-02-03
CUS001894,INDIVIDUAL,2018-04-20
CUS001895,INDIVIDUAL,2022-03-31
CUS001896,INDIVIDUAL,2021-05-04
CUS001897,INSTITUTION,2021-10-15
CUS001898,INDIVIDUAL,2016-07-22
CUS001899,INDIVIDUAL,2015-07-27
CUS001900,INDIVIDUAL,2018-01-30
CUS001901,INDIVIDUAL,2020-11-11
CUS001902,INDIVIDUAL,2022-06-22
CUS001903,INDIVIDUAL,2021-12-31
CUS001904,INDIVIDUAL,2014-09-07
CUS001905,INDIVIDUAL,2022-08-02
CUS001906,INDIVIDUAL,2020-07-16
CUS001907,INDIVIDUAL,2015-09-28
CUS001908,INDIVIDUAL,2022-10-31
CUS001909,INDIVIDUAL,2021-05-24
CUS001910,INDIVIDUAL,2022-03-11
CUS001911,INDIVIDUAL,2015-10-09
CUS001912,INDIVIDUAL,2020-02-10
CUS001913,INDIVIDUAL,2022-10-19
CUS001914,INDIVIDUAL,2020-07-30
CUS001915,INDIVIDUAL,2021-09-28
CUS001916,INDIVIDUAL,2016-12-15
CUS001917,INDIVIDUAL,2020-06-05
CUS001918,INDIVIDUAL,2021-11-18
CUS001919,INDIVIDUAL,2022-07-28
CUS001920,INDIVIDUAL,2022-04-28
CUS001921,INDIVIDUAL,2019-09-04
CUS001922,INDIVIDUAL,2019-01-30
CUS001923,INDIVIDUAL,2022-08-31
CUS001924,INDIVIDUAL,2021-11-09
CUS001925,INDIVIDUAL,2017-10-20
CUS001926,INDIVIDUAL,2021-03-18
CUS001927,INDIVIDUAL,2020-09-07
CUS001928,INDIVIDUAL,2022-03-10
CUS001929,INDIVIDUAL,2021-02-19
CUS001930,INDIVIDUAL,2022-06-09
CUS001931,INDIVIDUAL,2014-02-10
CUS001932,INDIVIDUAL,2018-08-09
CUS001933,INDIVIDUAL,2020-03-30
CUS001934,INDIVIDUAL,2021-02-24
CUS001935,INDIVIDUAL,2018-04-03
CUS001936,INDIVIDUAL,2015-05-01
CUS001937,INDIVIDUAL,2017-07-03
CUS001938,INDIVIDUAL,2021-07-08
CUS001939,INDIVIDUAL,2017-03-30
CUS001940,INDIVIDUAL,2019-07-24
CUS001941,INDIVIDUAL,2020-08-17
CUS001942,INDIVIDUAL,2021-07-27
CUS001943,INDIVIDUAL,2020-12-09
CUS001944,INSTITUTION,2016-11-20
CUS001945,INDIVIDUAL,2020-04-14
CUS001946,INDIVIDUAL,2020-04-10
CUS001947,INDIVIDUAL,2021-01-29
CUS001948,INDIVIDUAL,2020-12-04
CUS001949,INDIVIDUAL,2020-09-01
CUS001950,INDIVIDUAL,2021-06-04
CUS001951,INDIVIDUAL,2021-10-19
CUS001952,INDIVIDUAL,2019-04-01
CUS001953,INDIVIDUAL,2017-12-22
CUS001954,INSTITUTION,2021-02-22
CUS001955,INDIVIDUAL,2021-02-08
CUS001956,INDIVIDUAL,2020-12-25
CUS001957,INDIVIDUAL,2022-06-15
CUS001958,INDIVIDUAL,2021-12-02
CUS001959,INDIVIDUAL,2021-01-27
CUS001960,INDIVIDUAL,2021-05-28
CUS001961,INDIVIDUAL,2021-04-27
CUS001962,INDIVIDUAL,2020-09-04
CUS001963,INDIVIDUAL,2022-06-30
CUS001964,INDIVIDUAL,2019-05-23
CUS001965,INDIVIDUAL,2016-06-16
CUS001966,INDIVIDUAL,2022-09-05
CUS001967,INDIVIDUAL,2022-05-20
CUS001968,INDIVIDUAL,2022-04-19
CUS001969,INDIVIDUAL,2015-06-19
CUS001970,INDIVIDUAL,2020-12-04
CUS001971,INDIVIDUAL,2022-09-16
CUS001972,INDIVIDUAL,2016-12-12
CUS001973,INDIVIDUAL,2017-01-11
CUS001974,INSTITUTION,2020-06-30
CUS001975,INDIVIDUAL,2016-03-11
CUS001976,INDIVIDUAL,2019-01-15
CUS001977,INSTITUTION,2021-07-27
CUS001978,INDIVIDUAL,2021-08-11
CUS001979,INDIVIDUAL,2020-10-29
CUS001980,INDIVIDUAL,2014-09-14
CUS001981,INDIVIDUAL,2019-11-27
CUS001982,INDIVIDUAL,2018-11-11
CUS001983,INDIVIDUAL,2021-01-26
CUS001984,INDIVIDUAL,2017-06-08
CUS001985,INDIVIDUAL,2019-04-09
CUS001986,INDIVIDUAL,2015-10-30
CUS001987,INDIVIDUAL,2020-11-25
CUS001988,INDIVIDUAL,2022-08-04
CUS001989,INDIVIDUAL,2016-05-06
CUS001990,INDIVIDUAL,2020-10-27
CUS001991,INDIVIDUAL,2017-02-26
CUS001992,INDIVIDUAL,2019-12-09
CUS001993,INDIVIDUAL,2022-10-14
CUS001994,INDIVIDUAL,2018-06-20
CUS001995,INDIVIDUAL,2021-12-24
CUS001996,INDIVIDUAL,2020-08-14
CUS001997,INDIVIDUAL,2017-06-09
CUS001998,INDIVIDUAL,2020-07-03
CUS001999,INDIVIDUAL,2018-02-03
CUS002000,INDIVIDUAL,2018-08-30
